_id,title,author,publisher,price,comment_count
65277e53f0c5ed1ad19554c1,Gece Yarısı Kütüphanesi, Matt Haig,DOMİNGO YAYINEVİ," 70,45",1.274
65277e54f0c5ed1ad19554c2,Kapra Felsefe Seti (10 Kitap), Rene Descartes,KAPRA YAYINCILIK," 75,90",160
65277e55f0c5ed1ad19554c3,Zeytindağı, Falih Rıfkı Atay,POZİTİF YAYINLARI," 47,44",1.252
65277e55f0c5ed1ad19554c4,İnsanlar, Matt Haig,DOMİNGO YAYINEVİ," 84,48",124
65277e56f0c5ed1ad19554c5,Evlenmeden Önce, Doğan Cüceloğlu,KRONİK KİTAP," 55,01",70
65277e56f0c5ed1ad19554c6,Nefs Terbiyesi ve Ahlakı Güzelleştirme, İmam Gazali,ÇELİK YAYINEVİ," 35,35",64
65277e57f0c5ed1ad19554c7,Ayvayı Yedik Müzesi, Mert Arık,TİMAŞ ÇOCUK YAYINLARI," 47,60",11
65277e57f0c5ed1ad19554c8,İrade Terbiyesi, Jules Payot,KAPRA YAYINCILIK," 12,90",133
65277e58f0c5ed1ad19554c9,Bilinçaltının Gücü , Joseph Murphy,DİYOJEN YAYINCILIK," 70,40",86
65277e58f0c5ed1ad19554ca,Çavdar Tarlasında Çocuklar, J. D. Salinger,YAPI KREDİ YAYINLARI," 56,10",2.537
65277e59f0c5ed1ad19554cb,İnce Memed 1, Yaşar Kemal,YAPI KREDİ YAYINLARI," 105,90",2.220
65277e59f0c5ed1ad19554cc,İçimdeki Melodi, Sharon M. Draper,TİMAŞ GENÇ," 81,73",81
65277e5af0c5ed1ad19554cd,Dervişin Teselli Koleksiyonu , Mecit Ömür Öztürk,HAYY KİTAP," 77,00",1.055
65277e5bf0c5ed1ad19554ce,Şehirdeki Gizemli Sinyal - Faruk, Caner Sarıoğlu,TİMAŞ ÇOCUK YAYINLARI," 46,20",32
65277e5bf0c5ed1ad19554cf,İyi Hissetmek,Dr. David Burns,PSİKONET YAYINLARI," 118,95",1.181
65277e5cf0c5ed1ad19554d0,Bir Ömür Nasıl Yaşanır? ,Prof. Dr. İlber Ortaylı,KRONİK KİTAP," 52,26",4.096
65277e5ff0c5ed1ad19554d1,Sular Üstünde Gökler Altında, Kaan Murat Yanık,KETEBE YAYINEVİ," 55,95",85
65277e5ff0c5ed1ad19554d2,"Suç ve Ceza (2 Cilt Takım) (Ciltli, İplik Dikişli) ", Fyodor Mihailoviç Dostoyevski,KAPRA YAYINCILIK," 49,80",59
65277e60f0c5ed1ad19554d3,Dervişin Teselli Koleksiyonu 2, Mecit Ömür Öztürk,HAYY KİTAP," 77,00",96
65277e60f0c5ed1ad19554d4,Kalplerin Keşfi / Mukaşefetü'l Kulüp (Ciltsiz), İmam Gazali,ÇELİK YAYINEVİ," 86,90",277
65277e61f0c5ed1ad19554d5,Hayatı Yeniden Keşfedin, Jeffrey E. Young,PSİKONET YAYINLARI," 105,60",331
65277e61f0c5ed1ad19554d6,Yüzyıllık Yalnızlık (Ciltsiz), Gabriel Garcia Marquez,CAN YAYINLARI," 118,41",2.449
65277e62f0c5ed1ad19554d7,Lo, Şermin Yaşar,DOĞAN ÇOCUK," 85,44",56
65277e62f0c5ed1ad19554d8,Dakikalar İçinde Atatürk ve Dünyası ,Prof. Dr. İlber Ortaylı,KRONİK KİTAP," 41,26",54
65277e63f0c5ed1ad19554d9,Kayıp Tanrılar Ülkesi, Ahmet Ümit,YAPI KREDİ YAYINLARI," 181,50",616
65277e63f0c5ed1ad19554da,Bir İdam Mahkumunun Son Günü, Victor Hugo,KAPRA YAYINCILIK," 9,90",146
65277e64f0c5ed1ad19554db,"Ben, Kirke", Madeline Miller,İTHAKİ YAYINLARI," 126,53",1.038
65277e64f0c5ed1ad19554dc,KPSS ALES DGS Ezberbozan Paragraf Soru Bankası, Kolektif ,PEGEM AKADEMİ YAYINCILIK-SINAV KİTAPLARI," 182,92",306
65277e65f0c5ed1ad19554dd,Pal Sokağı Çocukları, Ferenc Molnar,KAPRA YAYINCILIK," 12,90",36
65277e66f0c5ed1ad19554de,On Kişiydiler (On Küçük Zenci), Agatha Christie,ALTIN KİTAPLAR," 68,31",203
65277e66f0c5ed1ad19554df,Tutunamayanlar / Bütün Eserleri 1, Oğuz Atay,İLETİŞİM YAYINLARI," 175,00",2.598
65277e67f0c5ed1ad19554e0,Çürümenin Kitabı, Emil Michel Cioran,METİS YAYINLARI," 80,74",359
65277e68f0c5ed1ad19554e1,Kaplanın Sırtında , Zülfü Livaneli,İNKILAP KİTABEVİ," 91,00",27
65277e68f0c5ed1ad19554e2,Kuru Kız, Ayfer Tunç,CAN YAYINLARI," 69,10",65
65277e69f0c5ed1ad19554e3,Herkes O’nu Anlatıyor 1 / Ailesi, Hatice Kübra Tongar,AİLE YAYINLARI," 81,25",14
65277e69f0c5ed1ad19554e4,Peygamberliğin İspatı , Altay Cem Meriç,İNSAN YAYINLARI," 158,73",138
65277e6af0c5ed1ad19554e5,Cumhuriyetin 100 İsmi: Büyük Devrimin Portreleri, Emrah Safa Gürkan,MUNDİ," 81,90",26
65277e6af0c5ed1ad19554e6,Zamanı Durdurmanın Yolları, Matt Haig,DOMİNGO YAYINEVİ," 84,48",264
65277e6bf0c5ed1ad19554e7,Başarısızlar Kulübü, Anıl Basılı,TİMAŞ İLK GENÇ ," 52,50",86
65277e6cf0c5ed1ad19554e8,Anne Beni İyileştir, M. Barış Muslu,DOĞAN KİTAP," 80,10",41
65277e6cf0c5ed1ad19554e9,Hz. Ömer (R.A.), Mehmet  Yıldız,TİMAŞ YAYINLARI," 52,50",20
65277e6df0c5ed1ad19554ea,İblis İmparatorluğu /  Büyük Sıfırlama, Mustafa Güldağı,LOPUS," 72,00",34
65277e6df0c5ed1ad19554eb,Gerçek Özgürlük, Doğan Cüceloğlu,KRONİK KİTAP," 71,60",34
65277e6ef0c5ed1ad19554ec,"Bin Dokuz Yüz Seksen Dört 1984 (Ciltli, İplik Dikişli)", George Orwell,KAPRA YAYINCILIK," 24,90",35
65277e6ff0c5ed1ad19554ed,Kuyucaklı Yusuf, Sabahattin Ali,YAPI KREDİ YAYINLARI," 14,18",4.822
65277e72f0c5ed1ad19554ee,Bir İdam Mahkumunun Son Günü (Cep Boy) (Tam Metin), Victor Hugo,KARBON KİTAPLAR," 8,90",416
65277e72f0c5ed1ad19554ef,Mai ve Siyah , Halid Ziya Uşaklıgil,KAPRA YAYINCILIK," 14,90",56
65277e73f0c5ed1ad19554f0,Boş Dolaplar, Annie Ernaux,CAN YAYINLARI," 51,98",20
65277e73f0c5ed1ad19554f1,Âşıklara Yer Yok, Tarık Tufan,DOĞAN KİTAP," 86,42",52
65277e74f0c5ed1ad19554f2,Algernon'a Çiçekler, Daniel Keyes,KORİDOR YAYINCILIK," 81,84",561
65277e74f0c5ed1ad19554f3,Afrikalı Leo, Amin Maalouf,YAPI KREDİ YAYINLARI," 76,90",933
65277e75f0c5ed1ad19554f4,Benim Adım Sena  , Julia Sena Yamanoğlu,NESİL YAYINLARI," 54,00",87
65277e75f0c5ed1ad19554f5,Gezegenimiz Dünya / İlk Okuma, Leonie Pratt,TÜBİTAK YAYINLARI," 11,05",90
65277e76f0c5ed1ad19554f6,Toprak Ana, Cengiz Aytmatov,KETEBE YAYINEVİ," 40,80",81
65277e76f0c5ed1ad19554f7,Gülün Adı (Ciltsiz), Umberto Eco,CAN YAYINLARI," 161,70",1.321
65277e77f0c5ed1ad19554f8,Hayvanlardan Tanrılara Sapiens , Yuval Noah Harari,KOLEKTİF KİTAP," 155,10",2.305
65277e77f0c5ed1ad19554f9,Başarıya Götüren Aile, Doğan Cüceloğlu,REMZİ KİTABEVİ," 66,60",533
65277e78f0c5ed1ad19554fa,KPSS'nin Haritası, Semra Dilekçi,KİTAPYURDU DOĞRUDAN YAYINCILIK (KDY)," 128,00",53
65277e78f0c5ed1ad19554fb,Çetin Ceviz ve Mucide, Sinan Yaşar,FOM KİTAP," 47,70",201
65277e79f0c5ed1ad19554fc,Bir İdam Mahkumunun Son Günü, Victor Hugo,KARBON KİTAPLAR," 27,55",563
65277e79f0c5ed1ad19554fd,Yeşil Kafalar 1 / Ormanı Yemek Yasak, Tuğba Coşkuner,CEZVE ÇOCUK," 65,76",275
65277e7af0c5ed1ad19554fe,Milli İstihbarat Teşkilatı (1826-2023), Polat Safi,KRONİK KİTAP," 108,00",20
65277e7af0c5ed1ad19554ff,Keloğlan Oruç Peşinde, Merve Gülcemal,CEZVE ÇOCUK," 56,66",243
65277e7bf0c5ed1ad1955500,Kırk Kere Söyledim ,Prof. Dr. Ziya Selçuk,KRONİK KİTAP," 62,70",121
65277e7bf0c5ed1ad1955501,Mırıldanan Çocuk, Gabriele Clima,TİMAŞ İLK GENÇ ," 61,90",124
65277e7cf0c5ed1ad1955502,İnsan Neyle Yaşar?  , Lev N. Tolstoy,KAPRA YAYINCILIK," 12,90",77
65277e7cf0c5ed1ad1955503,Dad, Selahattin Demirtaş,DİPNOT YAYINLARI," 62,02",23
65277e7df0c5ed1ad1955504,Ene , Fatih Duman,NESİL YAYINLARI," 72,00",689
65277e7df0c5ed1ad1955505,Kendini Aldatan İnsan, İmam Gazali,KETEBE YAYINEVİ," 48,84",25
65277e7ff0c5ed1ad1955506,İçimizdeki Şeytan (Cep Boy) (Tam Metin), Sabahattin Ali,KARBON KİTAPLAR," 8,90",259
65277e7ff0c5ed1ad1955507,Öğrenci Kız, Osamu Dazai,İTHAKİ YAYINLARI," 30,00",48
65277e80f0c5ed1ad1955508,"Pal Sokağı Çocukları (Ciltli, İplik Dikişli)", Ferenc Molnar,KAPRA YAYINCILIK," 24,90",18
65277e80f0c5ed1ad1955509,Yakın Tarihin Gerçekleri,Prof. Dr. İlber Ortaylı,KRONİK KİTAP," 73,70",135
65277e81f0c5ed1ad195550a,Dost Kazanma ve İnsanları Etkileme Sanatı, Dale Carnegie,EPSİLON YAYINEVİ," 106,97",219
65277e81f0c5ed1ad195550b,Ayı Olmayan Ayı, Frank Tashlin,REDHOUSE KIDZ YAYINLARI," 38,28",129
65277e82f0c5ed1ad195550c,Huşu Ağacı, Funda Uçuk Er,CEZVE KİTAP," 71,28",136
65277e82f0c5ed1ad195550d,Büyükbabamın Kocaman Denizi, Sylvia Bishop,TİMAŞ ÇOCUK YAYINLARI," 60,00",15
65277e83f0c5ed1ad195550e,Suç ve Ceza (2 Cilt), Fyodor Mihailoviç Dostoyevski,KAPRA YAYINCILIK," 25,80",58
65277e83f0c5ed1ad195550f,Saç Örgüsü, Laetitia Colombani,YAN PASAJ," 71,28",62
65277e84f0c5ed1ad1955510,"Çocuk Kalbi (Ciltli, İplik Dikişli)", Edmondo De Amicis,KAPRA YAYINCILIK," 24,90",31
65277e84f0c5ed1ad1955511,Çocuk Kalbi, Edmondo De Amicis,KAPRA YAYINCILIK," 14,90",79
65277e85f0c5ed1ad1955512,Tuttum Ben Bu Orucu, Hatice Kübra Tongar,HAYY KİTAP," 60,50",38
65277e85f0c5ed1ad1955513,Şeytanın Çırağı, Şiro Hamao,İTHAKİ YAYINLARI," 36,96",76
65277e86f0c5ed1ad1955514,Uğultulu Tepeler, Emily Bronte,CAN YAYINLARI," 62,70",773
65277e87f0c5ed1ad1955515,Bekleyecek Vaktim Kalmadı Artık, Jean-Louis Fournier,YAPI KREDİ YAYINLARI," 38,50",39
65277e87f0c5ed1ad1955516,"İnsancıklar (Ciltli, İplik Dikişli)", Fyodor Mihailoviç Dostoyevski,KAPRA YAYINCILIK," 24,90",20
65277e8af0c5ed1ad1955517,Her Şeyin Bir Başlangıcı Var, Merve Gülcemal,CEZVE ÇOCUK," 60,90",47
65277e8af0c5ed1ad1955518,30 Günde 10 Yıl,Prof. Dr. Yavuz Yörükoğlu,HAYY KİTAP," 60,50",233
65277e8bf0c5ed1ad1955519,Dahacık, Şermin Yaşar,DOĞAN ÇOCUK," 61,60",56
65277e8bf0c5ed1ad195551a,Dorian Gray'in Portresi, Oscar Wilde,KAPRA YAYINCILIK," 14,90",83
65277e8cf0c5ed1ad195551b,Küçük Toplayıcının Büyük Macerası, Sinan Yaşar,TUDEM YAYINEVİ," 61,20",19
65277e8cf0c5ed1ad195551c,Babil’in En Zengin Adamı, George S. Clason,BUTİK YAYINCILIK  ," 144,00",100
65277e8df0c5ed1ad195551d,İFA - İnsanın Fabrika Ayarları (Genişletilmiş Yeni Baskı), Sinan Canan,TUTİ KİTAP," 225,00",16
65277e8df0c5ed1ad195551e,Dönüşüm, Franz Kafka,KAPRA YAYINCILIK," 12,90",65
65277e8ef0c5ed1ad195551f,Tatar Çölü, Dino Buzzati,İLETİŞİM YAYINLARI," 114,58",625
65277e8ef0c5ed1ad1955520,Ya Adalet Ya Sefalet ,Prof. Dr.  Selçuk Şirin,DOĞAN KİTAP," 79,85",28
65277e8ff0c5ed1ad1955521,Kapak Kızı, Ayfer Tunç,CAN YAYINLARI," 99,00",272
65277e8ff0c5ed1ad1955522,Suda Kaybolmak, Vladimir Tumanov,GÜNIŞIĞI KİTAPLIĞI," 71,51",38
65277e90f0c5ed1ad1955523,Gençlere Tavsiyeler (Eyyühe’l-Veled , İmam Gazali,ÇELİK YAYINEVİ," 27,00",17
65277e90f0c5ed1ad1955524,Harry Potter ve Sırlar Odası, J. K. Rowling,YAPI KREDİ YAYINLARI," 70,50",1.096
65277e92f0c5ed1ad1955525,Ateşten Kaçmak, Vladimir Tumanov,GÜNIŞIĞI KİTAPLIĞI," 84,50",13
65277e92f0c5ed1ad1955526,Borsa'da Tek Başına, Peter Lynch,SCALA YAYINCILIK," 147,00",91
65277e93f0c5ed1ad1955527,Çocuklarınıza Tutunun, Gabor Mate,HEP KİTAP," 108,50",39
65277e93f0c5ed1ad1955528,Allah ile Konuşturan Namaz, Mehmet  Yıldız,TİMAŞ YAYINLARI," 105,60",48
65277e94f0c5ed1ad1955529,Problemsiz Matematik, Ebru Arık,EĞLENCELİ BİLGİ," 63,75",7
65277e94f0c5ed1ad195552a,Çizgili Çoraplı Kız, Merve Gülcemal,CEZVE ÇOCUK," 60,90",37
65277e95f0c5ed1ad195552b,Başımın Üstünde Yerin Var, Hatice Kübra Tongar,HAYY KİTAP," 55,00",258
65277e96f0c5ed1ad195552c,Global Piyasalar , Şant Manukyan,KRONİK KİTAP," 95,70",16
65277e96f0c5ed1ad195552d,Gazap Üzümleri, John Steinbeck,İLETİŞİM YAYINLARI," 160,31",83
65277e97f0c5ed1ad195552e,Cingo (Karton Kapak), Şermin Yaşar,DOĞAN EGMONT ÇOCUK KİTAPLARI," 105,46",44
65277e97f0c5ed1ad195552f,Sevme Sanatı / Bir Eylem Olarak Sevmek, Erich Fromm,SAY YAYINLARI," 91,05",82
65277e98f0c5ed1ad1955530,Palanka / Dünyanın Son İnsanları 2, Tuğba Coşkuner,CEZVE ÇOCUK," 75,50",45
65277e98f0c5ed1ad1955531,Kadın Beyni Erkek Beyni, Serkan Karaismailoğlu,ELMA YAYINEVİ," 78,45",758
65277e99f0c5ed1ad1955532,Hizmetçi, Freida Mcfadden,OLİMPOS YAYINLARI," 81,45",43
65277e9af0c5ed1ad1955533,Kumarbaz (Cep Boy) (Tam Metin), Fyodor Mihailoviç Dostoyevski,KARBON KİTAPLAR," 8,90",168
65277e9af0c5ed1ad1955534,Yarın Yok, Ayşe Kulin,EVEREST YAYINLARI," 82,80",20
65277e9bf0c5ed1ad1955535,Mısır'a Sultanı Kuyudan Gelir , Yasin Pişgin,TİMAŞ YAYINLARI," 118,80",70
65277e9cf0c5ed1ad1955536,Çankaya, Falih Rıfkı Atay,POZİTİF YAYINLARI," 122,10",551
65277e9cf0c5ed1ad1955537,Dinlemeye Değer, Aleix Cabrera,TÜBİTAK YAYINLARI," 7,50",46
65277e9df0c5ed1ad1955538,Hayati Meseleler, Hayati İnanç,BABIALİ KÜLTÜR YAYINCILIĞI," 58,50",35
65277e9df0c5ed1ad1955539,Martı Jonathan Livingston, Richard Bach,EPSİLON YAYINEVİ," 70,21",2.659
65277e9ef0c5ed1ad195553a,İlk Okuma - Gece ve Gündüz, Emily Bone,TÜBİTAK YAYINLARI," 11,05",13
65277e9ef0c5ed1ad195553b,Bütün-Beyinli Çocuk , Tina Payne Bryson,DİYOJEN YAYINCILIK," 93,85",34
65277e9ff0c5ed1ad195553c,Incognito , David Eagleman,DOMİNGO YAYINEVİ," 97,60",669
65277e9ff0c5ed1ad195553d,Nar Ağacı,Prof. Dr. Nazan Bekiroğlu,TİMAŞ YAYINLARI," 165,00",3.176
65277ea2f0c5ed1ad195553e,Siber Kahramanlar, Feyza Şahin,ERDEM ÇOCUK YAYINLARI," 45,50",12
65277ea2f0c5ed1ad195553f,Senin Camin Ne Renk, Jenny Molendyk Divleli,KARAVAN ÇOCUK," 72,38",44
65277ea3f0c5ed1ad1955540,Asude Bahçe, Funda Uçuk Er,CEZVE KİTAP," 74,58",81
65277ea4f0c5ed1ad1955541,Babamın Yeri, Annie Ernaux,CAN YAYINLARI," 44,88",15
65277ea4f0c5ed1ad1955542,Şimdiki Çocuklar Harika, Aziz Nesin,NESİN YAYINEVİ," 72,00",415
65277ea5f0c5ed1ad1955543,Buz Çetesi 1 / Tehlikeye Dur De!, Yücel Öztürk,CEZVE ÇOCUK," 53,46",31
65277ea5f0c5ed1ad1955544,Filozof Meşe, Anooshirvan  Miandji ,BİLGİ ÇOCUK KİTAPLARI," 49,68",46
65277ea6f0c5ed1ad1955545,Üç Kedi Bir Dilek, Sara Şahinkanat,YAPI KREDİ YAYINLARI," 57,50",1.363
65277ea7f0c5ed1ad1955546,Bu Matematik Tam Senlik, Katie Daynes,TÜBİTAK YAYINLARI," 29,30",23
65277ea8f0c5ed1ad1955547,Sıfır Noktasındaki Kadın, Neval el-Saadavi,METİS YAYINLARI," 58,56",387
65277ea8f0c5ed1ad1955548,Kar Çorbası , Fatıma Merve İnan,KİTAPYURDU DOĞRUDAN YAYINCILIK (KDY)," 50,00",6
65277ea9f0c5ed1ad1955549,Ara ve Bul Resimli Bulmacalar - Dinozorlar, Gareth Lucas,TÜBİTAK YAYINLARI," 13,50",34
65277ea9f0c5ed1ad195554a,Duvarları Gıdıklanan Okul / Yeşil Kafalar 2, Tuğba Coşkuner,CEZVE ÇOCUK," 65,76",129
65277eaaf0c5ed1ad195554b,Günübirlik Hayatlar, Irvin D. Yalom,PEGASUS YAYINLARI," 120,12",649
65277eaaf0c5ed1ad195554c,Halka Çörek Zinciri / Abur Cubur Peşinde, Alexander McCall Smith,GÜNIŞIĞI KİTAPLIĞI," 45,50",19
65277eabf0c5ed1ad195554d,Dramsız Disiplin, Tina Payne Bryson,PEGASUS YAYINLARI," 179,40",226
65277eabf0c5ed1ad195554e,"Dinle, Küçük Adam", Wilhelm Reich,CEM YAYINEVİ," 54,80",367
65277eacf0c5ed1ad195554f,Tiamat (Karton Kapak), İhsan Oktay Anar,EVEREST YAYINLARI," 50,40",191
65277eacf0c5ed1ad1955550,Kurt Kanunu, Kemal Tahir ,KETEBE YAYINEVİ," 61,10",10
65277eadf0c5ed1ad1955551,Anna Karenina (2 Cilt Takım), Lev N. Tolstoy,YORDAM KİTAP," 153,97",19
65277eadf0c5ed1ad1955552,Beklenmedik Koşullar, Lauren Asher,OLİMPOS YAYINLARI," 87,78",19
65277eaef0c5ed1ad1955553,Güneşin İki Yüzü, Bahar Eriş,ALFA YAYINLARI," 79,20",20
65277eaef0c5ed1ad1955554,Ulusların Düşüşü, Daron Acemoğlu,DOĞAN KİTAP," 133,45",434
65277eaff0c5ed1ad1955555,Bazen Olur Böyle / Biraz Kıskandım Sanki ,Klinik Psikolog Mehmet Teber,SİNCAP KİTAP," 56,10",79
65277eaff0c5ed1ad1955556,Toz ve Hayaller Kitapçısı, Mindy Thompson,TİMAŞ GENÇ," 92,40",16
65277eb0f0c5ed1ad1955557,Bu Da Geçecek , Julia Samuel,EKSİK PARÇA YAYINLARI," 110,60",7
65277eb0f0c5ed1ad1955558,Yeraltından Notlar (Cep Boy) (Tam Metin), Fyodor Mihailoviç Dostoyevski,KARBON KİTAPLAR," 8,90",32
65277eb1f0c5ed1ad1955559,Süt ve Bal, Rupi Kaur,PEGASUS YAYINLARI," 174,30",105
65277eb2f0c5ed1ad195555a,İtiraflarım, Lev N. Tolstoy,KAPRA YAYINCILIK," 9,90",73
65277eb2f0c5ed1ad195555b,Koku (Ciltsiz), Patrick Süskind,CAN YAYINLARI," 94,25",990
65277eb3f0c5ed1ad195555c,Harry Potter ve Azkaban Tutsağı, J. K. Rowling,YAPI KREDİ YAYINLARI," 109,71",987
65277eb3f0c5ed1ad195555d,Zaman Bisikleti  3 - Zamanda Kaza, Bilgin Adalı,CAN ÇOCUK YAYINLARI," 52,00",118
65277eb4f0c5ed1ad195555e,Ünsüz Youtuberın Günlüğü, Miyase Sertbarut,ALTIN KİTAPLAR - ÖZEL ÜRÜN," 68,64",77
65277eb4f0c5ed1ad195555f,Gümüş Kanat, Cahit Uçuk,BİLGE KÜLTÜR SANAT," 32,50",183
65277eb5f0c5ed1ad1955560,Bazen Olur Böyle / Biraz Üzüldüm Sanki,Klinik Psikolog Mehmet Teber,SİNCAP KİTAP," 56,10",54
65277eb5f0c5ed1ad1955561,"Devlet (2 Cilt Takım) (Ciltli, İplik Dikişli)", Platon (Eflatun) ,KAPRA YAYINCILIK," 49,80",6
65277eb6f0c5ed1ad1955562,Son Söz - Gerçek Tıp Dersleri Cilt 2 , Aidin Salih,YİTİK ŞİFA," 63,07",106
65277eb6f0c5ed1ad1955563,Açlık, Knut Hamsun,VARLIK YAYINLARI," 45,00",1.141
65277eb7f0c5ed1ad1955564,Festergrimm (Karton Kapak), Thomas Taylor,TİMAŞ GENÇ," 95,70",26
65277eb7f0c5ed1ad1955565,Cingöz Damla İş Başında, Şeyma Karagöl,BEYAN YAYINLARI," 56,10",8
65277eb8f0c5ed1ad1955566,Bu Hikaye Senden Uzun Osman, Aylin Balboa,İLETİŞİM YAYINLARI," 71,74",30
65277eb8f0c5ed1ad1955567,Gazi Mustafa Kemal Atatürk,Prof. Dr. İlber Ortaylı,KRONİK KİTAP," 92,90",1.950
65277eb9f0c5ed1ad1955568, Rabbimi Tanıyorum 3 / Bil Bakalım Hangi Hayvan ?, Merve Gülcemal,CEZVE ÇOCUK," 53,46",60
65277eb9f0c5ed1ad1955569,Totem ve Tabu, Sigmund Freud,KAPRA YAYINCILIK," 12,90",20
65277ebaf0c5ed1ad195556a,Yeşil Peri Gecesi, Ayfer Tunç,CAN YAYINLARI," 138,60",310
65277ebaf0c5ed1ad195556b,Gök Kubbenin Altında, İbrahim Kalın,MECRA KİTAP," 66,00",51
65277ebbf0c5ed1ad195556c,Macera Ekspresi / Yeşil Kafalar 3, Tuğba Coşkuner,CEZVE ÇOCUK," 63,81",102
65277ebbf0c5ed1ad195556d,Rabbimi Tanıyorum 2 / Nasıl Olurdu ?, Merve Gülcemal,CEZVE ÇOCUK," 60,90",177
65277ebcf0c5ed1ad195556e,Canım Arkadaşım, Özgür Balpınar,TİMAŞ GENÇ," 68,75",87
65277ebcf0c5ed1ad195556f,Kral Şakir 11 / Çok Bekledim Seni Yaz Tatili! (Ciltli), Varol Yaşaroğlu,EKSİK PARÇA ÇOCUK," 124,74",41
65277ebdf0c5ed1ad1955570,Uzakların Şarkısı, Kaan Murat Yanık,KETEBE YAYINEVİ," 64,68",23
65277ebdf0c5ed1ad1955571,Kırmızı Saçlı Kadın, Orhan Pamuk,YAPI KREDİ YAYINLARI," 60,90",2.117
65277ebef0c5ed1ad1955572,Genç Werther'in Acıları (Cep Boy) (Tam Metin), Johann Wolfgang Goethe,KARBON KİTAPLAR," 8,90",211
65277ebef0c5ed1ad1955573,Eşsiz Bir Gezi, Jenny Molendyk Divleli,KARAVAN ÇOCUK," 67,20",56
65277ebff0c5ed1ad1955574,Çocuk Yetiştirme  Ahlakı / Çocuk Yetiştirme  Ahlakı 3, Muhammed Emin Yıldırım,SİYER YAYINLARI," 46,20",192
65277ebff0c5ed1ad1955575,Herkes İçin Siyer 2.Cilt , Muhammed Emin Yıldırım,PROFİL KİTAP," 125,40",155
65277ec0f0c5ed1ad1955576,Kabe’yi İnşa Eden Peygamberler - Hz. İbrahim , Merve Gülcemal,DÜŞ DEĞİRMENİ KİTAPLIĞI," 61,88",18
65277ec1f0c5ed1ad1955577,Korkusuz Ronaldo, Diego Roberto,DOKUZ YAYINLARI," 33,04",15
65277ec1f0c5ed1ad1955578,Dinozorlar Kitabı (Bez Çanta Hediyeli), Kolektif ,MATARA ÇOCUK," 101,00",9
65277ec2f0c5ed1ad1955579,Bize Benzer mi ? / Küçük Merve’nin Büyük Soruları 2, Merve Gülcemal,CEZVE ÇOCUK," 57,42",71
65277ec2f0c5ed1ad195557a,Bir Delinin Hatıra Defteri - Portre, Nikolay Vasilievich Gogol,KAPRA YAYINCILIK," 9,90",71
65277ec3f0c5ed1ad195557b,Origami ile Kolay Matematik,Y. Matematik Müh. Burcu Şansan,MATARA ÇOCUK," 120,93",29
65277ec3f0c5ed1ad195557c,Yavaşla,Dr. Kemal Sayar,KAPI YAYINLARI," 108,00",100
65277ec4f0c5ed1ad195557d,"Çocuk, Köstebek, Tilki ve At", Charlie Mackesy,MUNDİ," 210,09",78
65277ec4f0c5ed1ad195557e,Çöle İnen Nur (kod39), Necip Fazıl Kısakürek,BÜYÜK DOĞU YAYINLARI," 105,36",868
65277ec5f0c5ed1ad195557f,Aydede Peynir Değildir, Selda Yaşar,CAN ÇOCUK YAYINLARI," 35,75",8
65277ec5f0c5ed1ad1955580,Miras, Vigdis Hjorth,SİREN YAYINLARI," 96,72",53
65277ec6f0c5ed1ad1955581,Kumarbaz, Fyodor Mihailoviç Dostoyevski,KAPRA YAYINCILIK," 12,90",13
65277ec6f0c5ed1ad1955582,Küçük Kara Balık, Samed Behrengi,KAPRA YAYINCILIK," 12,90",44
65277ec7f0c5ed1ad1955583,Bir Çift Yürek, Marlo Morgan,KLAN YAYINLARI," 90,70",1.134
65277ec7f0c5ed1ad1955584,Ayasofya'da Bir Gece, Rana Demiriz,TİMAŞ GENÇ," 74,65",95
65277ec8f0c5ed1ad1955585,Kürk Mantolu Madonna, Sabahattin Ali,KAPRA YAYINCILIK," 9,90",38
65277ec8f0c5ed1ad1955586,Alem-ı İslam Yazıları, Taha Kılınç,KETEBE YAYINEVİ," 217,14",9
65277ec9f0c5ed1ad1955587,Balonlu Sakız Ağacı / Abur Cubur Peşinde, Alexander McCall Smith,GÜNIŞIĞI KİTAPLIĞI," 42,90",35
65277ec9f0c5ed1ad1955588,Bülbülü Öldürmek, Harper Lee,EPSİLON YAYINEVİ," 100,10",210
65277ecaf0c5ed1ad1955589,Kainatın Efendisi Peygamberimizin Hayatı (Tek Cilt), Salih Suruç,NESİL YAYINLARI," 180,10",319
65277ecaf0c5ed1ad195558a,Son Söz / Gerçek Tıp Dersleri Cilt 1, Aidin Salih,YİTİK ŞİFA," 49,10",190
65277ecbf0c5ed1ad195558b,Öze Dönüş , Eray Hacıosmanoğlu,HAYY KİTAP," 77,00",7
65277ecbf0c5ed1ad195558c,Eylül, Mehmed Rauf ,KAPRA YAYINCILIK," 14,90",65
65277eccf0c5ed1ad195558d,Uçurtma Avcısı, Khaled Hosseini,EVEREST YAYINLARI," 132,71",3.235
65277ecdf0c5ed1ad195558e,Dünyanın Merkezine Yolculuk, Jules Verne,BİLGİ ÇOCUK KİTAPLARI," 31,25",75
65277ecef0c5ed1ad195558f,Açık Ufuk , İbrahim Kalın,İNSAN YAYINLARI," 70,20",129
65277ecef0c5ed1ad1955590,Şifa, Eray Hacıosmanoğlu,HAYY KİTAP," 71,50",6
65277ecff0c5ed1ad1955591,Kesin İnançlılar, Eric Hoffer,OLVİDO KİTAP," 64,50",158
65277ecff0c5ed1ad1955592,Böyle Küçük Şeyler, Claire Keegan,JAGUAR KİTAP," 45,50",30
65277ed0f0c5ed1ad1955593,Beden Dili , Joe Navarro,ALFA YAYINLARI," 122,37",239
65277ed0f0c5ed1ad1955594,Küçük Detaylar, Lauren Asher,OLİMPOS YAYINLARI," 87,78",17
65277ed1f0c5ed1ad1955595,Bir Borsa Spekülatörünün Anıları, Edvin Lefevre,SCALA YAYINCILIK," 77,00",170
65277ed2f0c5ed1ad1955596,Allah İçin Sevmek, İmam Gazali,NESİL YAYINLARI," 39,00",11
65277ed2f0c5ed1ad1955597,Atlas , Aleksandra Mizielinska,DOMİNGO ÇOCUK," 277,20",299
65277ed3f0c5ed1ad1955598,İyileşen Çocukluğum İyileşen Anneliğim, Hatice Kübra Tongar,HAYY KİTAP," 77,00",263
65277eeaae523865e6b525b3,Gece Yarısı Kütüphanesi, Matt Haig,DOMİNGO YAYINEVİ," 70,45",1.274
65277eebae523865e6b525b4,İnsanlar, Matt Haig,DOMİNGO YAYINEVİ," 84,48",124
65277eebae523865e6b525b5,Ayvayı Yedik Müzesi, Mert Arık,TİMAŞ ÇOCUK YAYINLARI," 47,60",11
65277eecae523865e6b525b6,İrade Terbiyesi, Jules Payot,KAPRA YAYINCILIK," 12,90",133
65277eedae523865e6b525b7,Beyaz Gemi, Cengiz Aytmatov,KETEBE YAYINEVİ," 44,28",120
65277eedae523865e6b525b8,Kraliçeyi Kurtarmak, Vladimir Tumanov,GÜNIŞIĞI KİTAPLIĞI," 63,80",614
65277eeeae523865e6b525b9,Zeytindağı, Falih Rıfkı Atay,POZİTİF YAYINLARI," 47,44",1.252
65277eeeae523865e6b525ba,Evlenmeden Önce, Doğan Cüceloğlu,KRONİK KİTAP," 55,01",70
65277eefae523865e6b525bb,Bilinçaltının Gücü , Joseph Murphy,DİYOJEN YAYINCILIK," 70,40",86
65277eefae523865e6b525bc,Semerkant, Amin Maalouf,YAPI KREDİ YAYINLARI," 53,73",3.408
65277ef0ae523865e6b525bd,Çavdar Tarlasında Çocuklar, J. D. Salinger,YAPI KREDİ YAYINLARI," 56,10",2.537
65277ef0ae523865e6b525be,Kapra Felsefe Seti (10 Kitap), Rene Descartes,KAPRA YAYINCILIK," 75,90",160
65277ef1ae523865e6b525bf,İçimdeki Melodi, Sharon M. Draper,TİMAŞ GENÇ," 81,73",81
65277ef1ae523865e6b525c0,İnce Memed 1, Yaşar Kemal,YAPI KREDİ YAYINLARI," 105,90",2.220
65277ef2ae523865e6b525c1,Nefs Terbiyesi ve Ahlakı Güzelleştirme, İmam Gazali,ÇELİK YAYINEVİ," 35,35",64
65277ef2ae523865e6b525c2,Bir Ömür Nasıl Yaşanır? ,Prof. Dr. İlber Ortaylı,KRONİK KİTAP," 52,26",4.096
65277ef3ae523865e6b525c3,"Suç ve Ceza (2 Cilt Takım) (Ciltli, İplik Dikişli) ", Fyodor Mihailoviç Dostoyevski,KAPRA YAYINCILIK," 49,80",59
65277ef4ae523865e6b525c4,Dakikalar İçinde Atatürk ve Dünyası ,Prof. Dr. İlber Ortaylı,KRONİK KİTAP," 41,26",54
65277ef4ae523865e6b525c5,Lo, Şermin Yaşar,DOĞAN ÇOCUK," 85,44",56
65277ef5ae523865e6b525c6,Dervişin Teselli Koleksiyonu 2, Mecit Ömür Öztürk,HAYY KİTAP," 77,00",96
65277ef6ae523865e6b525c7,Hayatı Yeniden Keşfedin, Jeffrey E. Young,PSİKONET YAYINLARI," 105,60",331
65277ef6ae523865e6b525c8,Sular Üstünde Gökler Altında, Kaan Murat Yanık,KETEBE YAYINEVİ," 55,95",85
65277ef7ae523865e6b525c9,Kalplerin Keşfi / Mukaşefetü'l Kulüp (Ciltsiz), İmam Gazali,ÇELİK YAYINEVİ," 86,90",277
65277ef7ae523865e6b525ca,Kayıp Tanrılar Ülkesi, Ahmet Ümit,YAPI KREDİ YAYINLARI," 181,50",616
65277ef8ae523865e6b525cb,Yüzyıllık Yalnızlık (Ciltsiz), Gabriel Garcia Marquez,CAN YAYINLARI," 118,41",2.449
65277efaae523865e6b525cc,"Ben, Kirke", Madeline Miller,İTHAKİ YAYINLARI," 126,53",1.038
65277efbae523865e6b525cd,Tutunamayanlar / Bütün Eserleri 1, Oğuz Atay,İLETİŞİM YAYINLARI," 175,00",2.598
65277efbae523865e6b525ce,On Kişiydiler (On Küçük Zenci), Agatha Christie,ALTIN KİTAPLAR," 68,31",203
65277efcae523865e6b525cf,Bir İdam Mahkumunun Son Günü, Victor Hugo,KAPRA YAYINCILIK," 9,90",146
65277efcae523865e6b525d0,Pal Sokağı Çocukları, Ferenc Molnar,KAPRA YAYINCILIK," 12,90",36
65277efdae523865e6b525d1,Kuyucaklı Yusuf, Sabahattin Ali,YAPI KREDİ YAYINLARI," 14,18",4.822
65277efdae523865e6b525d2,Çürümenin Kitabı, Emil Michel Cioran,METİS YAYINLARI," 80,74",359
65277efeae523865e6b525d3,KPSS ALES DGS Ezberbozan Paragraf Soru Bankası, Kolektif ,PEGEM AKADEMİ YAYINCILIK-SINAV KİTAPLARI," 182,92",306
65277efeae523865e6b525d4,Peygamberliğin İspatı , Altay Cem Meriç,İNSAN YAYINLARI," 158,73",138
65277effae523865e6b525d5,İblis İmparatorluğu /  Büyük Sıfırlama, Mustafa Güldağı,LOPUS," 72,00",34
65277f00ae523865e6b525d6,Cumhuriyetin 100 İsmi: Büyük Devrimin Portreleri, Emrah Safa Gürkan,MUNDİ," 81,90",26
65277f00ae523865e6b525d7,Kuru Kız, Ayfer Tunç,CAN YAYINLARI," 69,10",65
65277f01ae523865e6b525d8,Kaplanın Sırtında , Zülfü Livaneli,İNKILAP KİTABEVİ," 91,00",27
65277f01ae523865e6b525d9,Muhtelif 1 , Altay Cem Meriç,İNSAN YAYINLARI," 71,10",67
65277f02ae523865e6b525da,Başarısızlar Kulübü, Anıl Basılı,TİMAŞ İLK GENÇ ," 52,50",86
65277f02ae523865e6b525db,Herkes O’nu Anlatıyor 1 / Ailesi, Hatice Kübra Tongar,AİLE YAYINLARI," 81,25",14
65277f03ae523865e6b525dc,Algernon'a Çiçekler, Daniel Keyes,KORİDOR YAYINCILIK," 81,84",561
65277f04ae523865e6b525dd,Zamanı Durdurmanın Yolları, Matt Haig,DOMİNGO YAYINEVİ," 84,48",264
65277f04ae523865e6b525de,Âşıklara Yer Yok, Tarık Tufan,DOĞAN KİTAP," 86,42",52
65277f05ae523865e6b525df,Bir İdam Mahkumunun Son Günü (Cep Boy) (Tam Metin), Victor Hugo,KARBON KİTAPLAR," 8,90",416
65277f05ae523865e6b525e0,Gezegenimiz Dünya / İlk Okuma, Leonie Pratt,TÜBİTAK YAYINLARI," 11,05",90
65277f06ae523865e6b525e1,Mai ve Siyah , Halid Ziya Uşaklıgil,KAPRA YAYINCILIK," 14,90",56
65277f06ae523865e6b525e2,Boş Dolaplar, Annie Ernaux,CAN YAYINLARI," 51,98",20
65277f07ae523865e6b525e3,Afrikalı Leo, Amin Maalouf,YAPI KREDİ YAYINLARI," 76,90",933
65277f07ae523865e6b525e4,Hz. Ömer (R.A.), Mehmet  Yıldız,TİMAŞ YAYINLARI," 52,50",20
6527831456d1630dc21efc38,Gece Yarısı Kütüphanesi, Matt Haig,DOMİNGO YAYINEVİ," 70,45",1.274
6527831456d1630dc21efc39,İrade Terbiyesi, Jules Payot,KAPRA YAYINCILIK," 12,90",133
6527831456d1630dc21efc3a,Ayvayı Yedik Müzesi, Mert Arık,TİMAŞ ÇOCUK YAYINLARI," 47,60",11
6527831456d1630dc21efc3b,Kapra Felsefe Seti (10 Kitap), Rene Descartes,KAPRA YAYINCILIK," 75,90",160
6527831456d1630dc21efc3c,Zeytindağı, Falih Rıfkı Atay,POZİTİF YAYINLARI," 47,44",1.252
6527831456d1630dc21efc3d,Evlenmeden Önce, Doğan Cüceloğlu,KRONİK KİTAP," 55,01",70
6527831456d1630dc21efc3e,Nefs Terbiyesi ve Ahlakı Güzelleştirme, İmam Gazali,ÇELİK YAYINEVİ," 35,35",64
6527831456d1630dc21efc3f,İnsanlar, Matt Haig,DOMİNGO YAYINEVİ," 84,48",124
6527831556d1630dc21efc40,Şehirdeki Gizemli Sinyal - Faruk, Caner Sarıoğlu,TİMAŞ ÇOCUK YAYINLARI," 46,20",32
6527831556d1630dc21efc41,İnce Memed 1, Yaşar Kemal,YAPI KREDİ YAYINLARI," 105,90",2.220
6527831556d1630dc21efc42,Çavdar Tarlasında Çocuklar, J. D. Salinger,YAPI KREDİ YAYINLARI," 56,10",2.537
6527831556d1630dc21efc43,İçimdeki Melodi, Sharon M. Draper,TİMAŞ GENÇ," 81,73",81
6527831556d1630dc21efc44,Dervişin Teselli Koleksiyonu , Mecit Ömür Öztürk,HAYY KİTAP," 77,00",1.055
6527831556d1630dc21efc45,İyi Hissetmek,Dr. David Burns,PSİKONET YAYINLARI," 118,95",1.181
6527831556d1630dc21efc46,Çalınan Dikkat, Johann Hari,METİS YAYINLARI," 128,10",56
6527831556d1630dc21efc47,Dervişin Teselli Koleksiyonu 2, Mecit Ömür Öztürk,HAYY KİTAP," 77,00",96
6527831556d1630dc21efc48,"Suç ve Ceza (2 Cilt Takım) (Ciltli, İplik Dikişli) ", Fyodor Mihailoviç Dostoyevski,KAPRA YAYINCILIK," 49,80",59
6527831656d1630dc21efc49,Dakikalar İçinde Atatürk ve Dünyası ,Prof. Dr. İlber Ortaylı,KRONİK KİTAP," 41,26",54
6527831656d1630dc21efc4a,Hayatı Yeniden Keşfedin, Jeffrey E. Young,PSİKONET YAYINLARI," 105,60",331
6527831656d1630dc21efc4b,Kalplerin Keşfi / Mukaşefetü'l Kulüp (Ciltsiz), İmam Gazali,ÇELİK YAYINEVİ," 86,90",277
6527831656d1630dc21efc4c,Yüzyıllık Yalnızlık (Ciltsiz), Gabriel Garcia Marquez,CAN YAYINLARI," 118,41",2.449
6527831656d1630dc21efc4d,Bir Ömür Nasıl Yaşanır? ,Prof. Dr. İlber Ortaylı,KRONİK KİTAP," 52,26",4.096
6527831656d1630dc21efc4e,Lo, Şermin Yaşar,DOĞAN ÇOCUK," 85,44",56
6527831656d1630dc21efc4f,Sular Üstünde Gökler Altında, Kaan Murat Yanık,KETEBE YAYINEVİ," 55,95",85
6527831656d1630dc21efc50,Bir İdam Mahkumunun Son Günü, Victor Hugo,KAPRA YAYINCILIK," 9,90",146
6527831656d1630dc21efc51,Kayıp Tanrılar Ülkesi, Ahmet Ümit,YAPI KREDİ YAYINLARI," 181,50",616
6527831656d1630dc21efc52,KPSS ALES DGS Ezberbozan Paragraf Soru Bankası, Kolektif ,PEGEM AKADEMİ YAYINCILIK-SINAV KİTAPLARI," 182,92",306
6527831756d1630dc21efc53,"Ben, Kirke", Madeline Miller,İTHAKİ YAYINLARI," 126,53",1.038
6527831756d1630dc21efc54,On Kişiydiler (On Küçük Zenci), Agatha Christie,ALTIN KİTAPLAR," 68,31",203
6527831756d1630dc21efc55,Tutunamayanlar / Bütün Eserleri 1, Oğuz Atay,İLETİŞİM YAYINLARI," 175,00",2.598
6527831756d1630dc21efc56,Pal Sokağı Çocukları, Ferenc Molnar,KAPRA YAYINCILIK," 12,90",36
6527831756d1630dc21efc57,Çürümenin Kitabı, Emil Michel Cioran,METİS YAYINLARI," 80,74",359
6527831756d1630dc21efc58,Kuru Kız, Ayfer Tunç,CAN YAYINLARI," 69,10",65
6527831756d1630dc21efc59,Cumhuriyetin 100 İsmi: Büyük Devrimin Portreleri, Emrah Safa Gürkan,MUNDİ," 81,90",26
6527831756d1630dc21efc5a,Herkes O’nu Anlatıyor 1 / Ailesi, Hatice Kübra Tongar,AİLE YAYINLARI," 81,25",14
6527831856d1630dc21efc5b,Zamanı Durdurmanın Yolları, Matt Haig,DOMİNGO YAYINEVİ," 84,48",264
6527831856d1630dc21efc5c,Peygamberliğin İspatı , Altay Cem Meriç,İNSAN YAYINLARI," 158,73",138
6527831856d1630dc21efc5d,Başarısızlar Kulübü, Anıl Basılı,TİMAŞ İLK GENÇ ," 52,50",86
6527831856d1630dc21efc5e,Muhtelif 1 , Altay Cem Meriç,İNSAN YAYINLARI," 71,10",67
6527831856d1630dc21efc5f,Rüzgarlı Tepedeki Dükkan , Tuğba Coşkuner,CEZVE ÇOCUK," 53,30",81
6527831856d1630dc21efc60,Kaplanın Sırtında , Zülfü Livaneli,İNKILAP KİTABEVİ," 91,00",27
6527831856d1630dc21efc61,Hz. Ömer (R.A.), Mehmet  Yıldız,TİMAŞ YAYINLARI," 52,50",20
6527831856d1630dc21efc62,"Bin Dokuz Yüz Seksen Dört 1984 (Ciltli, İplik Dikişli)", George Orwell,KAPRA YAYINCILIK," 24,90",35
6527831856d1630dc21efc63,Gerçek Özgürlük, Doğan Cüceloğlu,KRONİK KİTAP," 71,60",34
6527831856d1630dc21efc64,Anne Beni İyileştir, M. Barış Muslu,DOĞAN KİTAP," 80,10",41
6527831956d1630dc21efc65,Kuyucaklı Yusuf, Sabahattin Ali,YAPI KREDİ YAYINLARI," 14,18",4.822
6527831956d1630dc21efc66,İblis İmparatorluğu /  Büyük Sıfırlama, Mustafa Güldağı,LOPUS," 72,00",34
6527831956d1630dc21efc67,Afrikalı Leo, Amin Maalouf,YAPI KREDİ YAYINLARI," 76,90",933
6527831956d1630dc21efc68,Âşıklara Yer Yok, Tarık Tufan,DOĞAN KİTAP," 86,42",52
6527831956d1630dc21efc69,Boş Dolaplar, Annie Ernaux,CAN YAYINLARI," 51,98",20
6527831956d1630dc21efc6a,Bir İdam Mahkumunun Son Günü (Cep Boy) (Tam Metin), Victor Hugo,KARBON KİTAPLAR," 8,90",416
6527831956d1630dc21efc6b,Mai ve Siyah , Halid Ziya Uşaklıgil,KAPRA YAYINCILIK," 14,90",56
6527831956d1630dc21efc6c,Gezegenimiz Dünya / İlk Okuma, Leonie Pratt,TÜBİTAK YAYINLARI," 11,05",90
6527831a56d1630dc21efc6d,Algernon'a Çiçekler, Daniel Keyes,KORİDOR YAYINCILIK," 81,84",561
6527831a56d1630dc21efc6e,Benim Adım Sena  , Julia Sena Yamanoğlu,NESİL YAYINLARI," 54,00",87
6527831a56d1630dc21efc6f,Toprak Ana, Cengiz Aytmatov,KETEBE YAYINEVİ," 40,80",81
6527831a56d1630dc21efc70,Bir İdam Mahkumunun Son Günü, Victor Hugo,KARBON KİTAPLAR," 27,55",563
6527831a56d1630dc21efc71,KPSS'nin Haritası, Semra Dilekçi,KİTAPYURDU DOĞRUDAN YAYINCILIK (KDY)," 128,00",53
6527831a56d1630dc21efc72,Gülün Adı (Ciltsiz), Umberto Eco,CAN YAYINLARI," 161,70",1.321
6527831a56d1630dc21efc73,Başarıya Götüren Aile, Doğan Cüceloğlu,REMZİ KİTABEVİ," 66,60",533
6527831a56d1630dc21efc74,Çetin Ceviz ve Mucide, Sinan Yaşar,FOM KİTAP," 47,70",201
6527831a56d1630dc21efc75,Hayvanlardan Tanrılara Sapiens , Yuval Noah Harari,KOLEKTİF KİTAP," 155,10",2.305
6527831a56d1630dc21efc76,Yeşil Kafalar 1 / Ormanı Yemek Yasak, Tuğba Coşkuner,CEZVE ÇOCUK," 65,76",275
6527831a56d1630dc21efc77,En Uzun Esneme / Bilim Bunu Çözer, Jennifer Dussling,TÜBİTAK YAYINLARI," 4,86",39
6527831b56d1630dc21efc78,"Pal Sokağı Çocukları (Ciltli, İplik Dikişli)", Ferenc Molnar,KAPRA YAYINCILIK," 24,90",18
6527831b56d1630dc21efc79,Yakın Tarihin Gerçekleri,Prof. Dr. İlber Ortaylı,KRONİK KİTAP," 73,70",135
6527831b56d1630dc21efc7a,İçimizdeki Şeytan (Cep Boy) (Tam Metin), Sabahattin Ali,KARBON KİTAPLAR," 8,90",259
6527831b56d1630dc21efc7b,Dost Kazanma ve İnsanları Etkileme Sanatı, Dale Carnegie,EPSİLON YAYINEVİ," 106,97",219
6527831b56d1630dc21efc7c,Ayı Olmayan Ayı, Frank Tashlin,REDHOUSE KIDZ YAYINLARI," 38,28",129
6527831b56d1630dc21efc7d,Huşu Ağacı, Funda Uçuk Er,CEZVE KİTAP," 71,28",136
6527831b56d1630dc21efc7e,Öğrenci Kız, Osamu Dazai,İTHAKİ YAYINLARI," 30,00",48
6527831b56d1630dc21efc7f,Büyükbabamın Kocaman Denizi, Sylvia Bishop,TİMAŞ ÇOCUK YAYINLARI," 60,00",15
6527831c56d1630dc21efc80,Saç Örgüsü, Laetitia Colombani,YAN PASAJ," 71,28",62
6527831c56d1630dc21efc81,Suç ve Ceza (2 Cilt), Fyodor Mihailoviç Dostoyevski,KAPRA YAYINCILIK," 25,80",58
6527831c56d1630dc21efc82,"Çocuk Kalbi (Ciltli, İplik Dikişli)", Edmondo De Amicis,KAPRA YAYINCILIK," 24,90",31
6527831c56d1630dc21efc83,Çocuk Kalbi, Edmondo De Amicis,KAPRA YAYINCILIK," 14,90",79
6527831c56d1630dc21efc84,Tuttum Ben Bu Orucu, Hatice Kübra Tongar,HAYY KİTAP," 60,50",38
6527831c56d1630dc21efc85,Şeytanın Çırağı, Şiro Hamao,İTHAKİ YAYINLARI," 36,96",76
6527831c56d1630dc21efc86,Uğultulu Tepeler, Emily Bronte,CAN YAYINLARI," 62,70",773
6527831c56d1630dc21efc87,Dahacık, Şermin Yaşar,DOĞAN ÇOCUK," 61,60",56
6527831c56d1630dc21efc88,Bekleyecek Vaktim Kalmadı Artık, Jean-Louis Fournier,YAPI KREDİ YAYINLARI," 38,50",39
6527831c56d1630dc21efc89,Küçük Toplayıcının Büyük Macerası, Sinan Yaşar,TUDEM YAYINEVİ," 61,20",19
6527831c56d1630dc21efc8a,"İnsancıklar (Ciltli, İplik Dikişli)", Fyodor Mihailoviç Dostoyevski,KAPRA YAYINCILIK," 24,90",20
6527831d56d1630dc21efc8b,30 Günde 10 Yıl,Prof. Dr. Yavuz Yörükoğlu,HAYY KİTAP," 60,50",233
6527831d56d1630dc21efc8c,Her Şeyin Bir Başlangıcı Var, Merve Gülcemal,CEZVE ÇOCUK," 60,90",47
6527831d56d1630dc21efc8d,Dorian Gray'in Portresi, Oscar Wilde,KAPRA YAYINCILIK," 14,90",83
6527831d56d1630dc21efc8e,Babil’in En Zengin Adamı, George S. Clason,BUTİK YAYINCILIK  ," 144,00",100
6527831d56d1630dc21efc8f,Harry Potter ve Sırlar Odası, J. K. Rowling,YAPI KREDİ YAYINLARI," 70,50",1.096
6527831d56d1630dc21efc90,Problemsiz Matematik, Ebru Arık,EĞLENCELİ BİLGİ," 63,75",7
6527831d56d1630dc21efc91,Global Piyasalar , Şant Manukyan,KRONİK KİTAP," 95,70",16
6527831d56d1630dc21efc92,Sevme Sanatı / Bir Eylem Olarak Sevmek, Erich Fromm,SAY YAYINLARI," 91,05",82
6527831d56d1630dc21efc93,Palanka / Dünyanın Son İnsanları 2, Tuğba Coşkuner,CEZVE ÇOCUK," 75,50",45
6527831e56d1630dc21efc94,Kadın Beyni Erkek Beyni, Serkan Karaismailoğlu,ELMA YAYINEVİ," 78,45",758
6527831e56d1630dc21efc95,Mısır'a Sultanı Kuyudan Gelir , Yasin Pişgin,TİMAŞ YAYINLARI," 118,80",70
6527831e56d1630dc21efc96,Hizmetçi, Freida Mcfadden,OLİMPOS YAYINLARI," 81,45",43
6527831e56d1630dc21efc97,Kumarbaz (Cep Boy) (Tam Metin), Fyodor Mihailoviç Dostoyevski,KARBON KİTAPLAR," 8,90",168
6527831e56d1630dc21efc98,Çankaya, Falih Rıfkı Atay,POZİTİF YAYINLARI," 122,10",551
6527831e56d1630dc21efc99,Yarın Yok, Ayşe Kulin,EVEREST YAYINLARI," 82,80",20
6527831e56d1630dc21efc9a,Dinlemeye Değer, Aleix Cabrera,TÜBİTAK YAYINLARI," 7,50",46
6527831e56d1630dc21efc9b,Hayati Meseleler, Hayati İnanç,BABIALİ KÜLTÜR YAYINCILIĞI," 58,50",35
6527831e56d1630dc21efc9c,Bütün-Beyinli Çocuk , Tina Payne Bryson,DİYOJEN YAYINCILIK," 93,85",34
6527831e56d1630dc21efc9d,İlk Okuma - Gece ve Gündüz, Emily Bone,TÜBİTAK YAYINLARI," 11,05",13
6527831e56d1630dc21efc9e,Martı Jonathan Livingston, Richard Bach,EPSİLON YAYINEVİ," 70,21",2.659
6527831e56d1630dc21efc9f,Incognito , David Eagleman,DOMİNGO YAYINEVİ," 97,60",669
6527831f56d1630dc21efca0,Siber Kahramanlar, Feyza Şahin,ERDEM ÇOCUK YAYINLARI," 45,50",12
6527831f56d1630dc21efca1,Senin Camin Ne Renk, Jenny Molendyk Divleli,KARAVAN ÇOCUK," 72,38",44
6527831f56d1630dc21efca2,Asude Bahçe, Funda Uçuk Er,CEZVE KİTAP," 74,58",81
6527831f56d1630dc21efca3,Nar Ağacı,Prof. Dr. Nazan Bekiroğlu,TİMAŞ YAYINLARI," 165,00",3.176
6527831f56d1630dc21efca4,Babamın Yeri, Annie Ernaux,CAN YAYINLARI," 44,88",15
6527831f56d1630dc21efca5,Şimdiki Çocuklar Harika, Aziz Nesin,NESİN YAYINEVİ," 72,00",415
6527831f56d1630dc21efca6,Buz Çetesi 1 / Tehlikeye Dur De!, Yücel Öztürk,CEZVE ÇOCUK," 53,46",31
6527831f56d1630dc21efca7,Üç Kedi Bir Dilek, Sara Şahinkanat,YAPI KREDİ YAYINLARI," 57,50",1.363
6527831f56d1630dc21efca8,Toz ve Hayaller Kitapçısı, Mindy Thompson,TİMAŞ GENÇ," 92,40",16
6527832056d1630dc21efca9,Yeraltından Notlar (Cep Boy) (Tam Metin), Fyodor Mihailoviç Dostoyevski,KARBON KİTAPLAR," 8,90",32
6527832056d1630dc21efcaa,Bu Da Geçecek , Julia Samuel,EKSİK PARÇA YAYINLARI," 110,60",7
6527832056d1630dc21efcab,Süt ve Bal, Rupi Kaur,PEGASUS YAYINLARI," 174,30",105
6527832056d1630dc21efcac,İtiraflarım, Lev N. Tolstoy,KAPRA YAYINCILIK," 9,90",73
6527832056d1630dc21efcad,Koku (Ciltsiz), Patrick Süskind,CAN YAYINLARI," 94,25",990
6527832056d1630dc21efcae,Harry Potter ve Azkaban Tutsağı, J. K. Rowling,YAPI KREDİ YAYINLARI," 109,71",987
6527832056d1630dc21efcaf,Zaman Bisikleti  3 - Zamanda Kaza, Bilgin Adalı,CAN ÇOCUK YAYINLARI," 52,00",118
6527832056d1630dc21efcb0,Ünsüz Youtuberın Günlüğü, Miyase Sertbarut,ALTIN KİTAPLAR - ÖZEL ÜRÜN," 68,64",77
6527832056d1630dc21efcb1,Son Söz - Gerçek Tıp Dersleri Cilt 2 , Aidin Salih,YİTİK ŞİFA," 63,07",106
6527832056d1630dc21efcb2,"Devlet (2 Cilt Takım) (Ciltli, İplik Dikişli)", Platon (Eflatun) ,KAPRA YAYINCILIK," 49,80",6
6527832056d1630dc21efcb3,Gümüş Kanat, Cahit Uçuk,BİLGE KÜLTÜR SANAT," 32,50",183
6527832156d1630dc21efcb4,Açlık, Knut Hamsun,VARLIK YAYINLARI," 45,00",1.141
6527832156d1630dc21efcb5,Bazen Olur Böyle / Biraz Üzüldüm Sanki,Klinik Psikolog Mehmet Teber,SİNCAP KİTAP," 56,10",54
6527832156d1630dc21efcb6,Festergrimm (Karton Kapak), Thomas Taylor,TİMAŞ GENÇ," 95,70",26
6527832156d1630dc21efcb7,Cingöz Damla İş Başında, Şeyma Karagöl,BEYAN YAYINLARI," 56,10",8
6527832156d1630dc21efcb8,Bu Hikaye Senden Uzun Osman, Aylin Balboa,İLETİŞİM YAYINLARI," 71,74",30
6527832156d1630dc21efcb9,Rabbimi Tanıyorum 2 / Nasıl Olurdu ?, Merve Gülcemal,CEZVE ÇOCUK," 60,90",177
6527832156d1630dc21efcba,Gazi Mustafa Kemal Atatürk,Prof. Dr. İlber Ortaylı,KRONİK KİTAP," 92,90",1.950
6527832156d1630dc21efcbb,Totem ve Tabu, Sigmund Freud,KAPRA YAYINCILIK," 12,90",20
6527832156d1630dc21efcbc,"Dinle, Küçük Adam", Wilhelm Reich,CEM YAYINEVİ," 54,80",367
6527832156d1630dc21efcbd, Rabbimi Tanıyorum 3 / Bil Bakalım Hangi Hayvan ?, Merve Gülcemal,CEZVE ÇOCUK," 53,46",60
6527832156d1630dc21efcbe,Anna Karenina (2 Cilt Takım), Lev N. Tolstoy,YORDAM KİTAP," 153,97",19
6527832156d1630dc21efcbf,Ulusların Düşüşü, Daron Acemoğlu,DOĞAN KİTAP," 133,45",434
6527832256d1630dc21efcc0,Güneşin İki Yüzü, Bahar Eriş,ALFA YAYINLARI," 79,20",20
6527832256d1630dc21efcc1,Beklenmedik Koşullar, Lauren Asher,OLİMPOS YAYINLARI," 87,78",19
6527832256d1630dc21efcc2,Bazen Olur Böyle / Biraz Kıskandım Sanki ,Klinik Psikolog Mehmet Teber,SİNCAP KİTAP," 56,10",79
6527832256d1630dc21efcc3,Gök Kubbenin Altında, İbrahim Kalın,MECRA KİTAP," 66,00",51
6527832256d1630dc21efcc4,Macera Ekspresi / Yeşil Kafalar 3, Tuğba Coşkuner,CEZVE ÇOCUK," 63,81",102
6527832256d1630dc21efcc5,Tiamat (Karton Kapak), İhsan Oktay Anar,EVEREST YAYINLARI," 50,40",191
6527832256d1630dc21efcc6,Yeşil Peri Gecesi, Ayfer Tunç,CAN YAYINLARI," 138,60",310
6527832256d1630dc21efcc7,Canım Arkadaşım, Özgür Balpınar,TİMAŞ GENÇ," 68,75",87
6527832356d1630dc21efcc8,Kurt Kanunu, Kemal Tahir ,KETEBE YAYINEVİ," 61,10",10
6527832356d1630dc21efcc9,Uzakların Şarkısı, Kaan Murat Yanık,KETEBE YAYINEVİ," 64,68",23
6527832356d1630dc21efcca,Eşsiz Bir Gezi, Jenny Molendyk Divleli,KARAVAN ÇOCUK," 67,20",56
6527832356d1630dc21efccb,Kral Şakir 11 / Çok Bekledim Seni Yaz Tatili! (Ciltli), Varol Yaşaroğlu,EKSİK PARÇA ÇOCUK," 124,74",41
6527832356d1630dc21efccc,Kabe’yi İnşa Eden Peygamberler - Hz. İbrahim , Merve Gülcemal,DÜŞ DEĞİRMENİ KİTAPLIĞI," 61,88",18
6527832356d1630dc21efccd,Korkusuz Ronaldo, Diego Roberto,DOKUZ YAYINLARI," 33,04",15
6527832356d1630dc21efcce,Herkes İçin Siyer 2.Cilt , Muhammed Emin Yıldırım,PROFİL KİTAP," 125,40",155
6527832356d1630dc21efccf,Kırmızı Saçlı Kadın, Orhan Pamuk,YAPI KREDİ YAYINLARI," 60,90",2.117
6527832456d1630dc21efcd0,Dinozorlar Kitabı (Bez Çanta Hediyeli), Kolektif ,MATARA ÇOCUK," 101,00",9
6527832456d1630dc21efcd1,Genç Werther'in Acıları (Cep Boy) (Tam Metin), Johann Wolfgang Goethe,KARBON KİTAPLAR," 8,90",211
6527832456d1630dc21efcd2,Bize Benzer mi ? / Küçük Merve’nin Büyük Soruları 2, Merve Gülcemal,CEZVE ÇOCUK," 57,42",71
6527832456d1630dc21efcd3,Çocuk Yetiştirme  Ahlakı / Çocuk Yetiştirme  Ahlakı 3, Muhammed Emin Yıldırım,SİYER YAYINLARI," 46,20",192
6527832456d1630dc21efcd4,Bir Delinin Hatıra Defteri - Portre, Nikolay Vasilievich Gogol,KAPRA YAYINCILIK," 9,90",71
6527832456d1630dc21efcd5,Origami ile Kolay Matematik,Y. Matematik Müh. Burcu Şansan,MATARA ÇOCUK," 120,93",29
6527832456d1630dc21efcd6,Yavaşla,Dr. Kemal Sayar,KAPI YAYINLARI," 108,00",100
6527832456d1630dc21efcd7,"Çocuk, Köstebek, Tilki ve At", Charlie Mackesy,MUNDİ," 210,09",78
6527832456d1630dc21efcd8,Çöle İnen Nur (kod39), Necip Fazıl Kısakürek,BÜYÜK DOĞU YAYINLARI," 105,36",868
6527832556d1630dc21efcd9,Kumarbaz, Fyodor Mihailoviç Dostoyevski,KAPRA YAYINCILIK," 12,90",13
6527832556d1630dc21efcda,Bir Çift Yürek, Marlo Morgan,KLAN YAYINLARI," 90,70",1.134
6527832556d1630dc21efcdb,Aydede Peynir Değildir, Selda Yaşar,CAN ÇOCUK YAYINLARI," 35,75",8
6527832556d1630dc21efcdc,Küçük Kara Balık, Samed Behrengi,KAPRA YAYINCILIK," 12,90",44
6527832556d1630dc21efcdd,Miras, Vigdis Hjorth,SİREN YAYINLARI," 96,72",53
6527832556d1630dc21efcde,Kürk Mantolu Madonna, Sabahattin Ali,KAPRA YAYINCILIK," 9,90",38
6527832556d1630dc21efcdf,Ayasofya'da Bir Gece, Rana Demiriz,TİMAŞ GENÇ," 74,65",95
6527832556d1630dc21efce0,Alem-ı İslam Yazıları, Taha Kılınç,KETEBE YAYINEVİ," 217,14",9
6527832556d1630dc21efce1,Uçurtma Avcısı, Khaled Hosseini,EVEREST YAYINLARI," 132,71",3.235
6527832556d1630dc21efce2,Balonlu Sakız Ağacı / Abur Cubur Peşinde, Alexander McCall Smith,GÜNIŞIĞI KİTAPLIĞI," 42,90",35
6527832656d1630dc21efce3,Bülbülü Öldürmek, Harper Lee,EPSİLON YAYINEVİ," 100,10",210
6527832656d1630dc21efce4,Öze Dönüş , Eray Hacıosmanoğlu,HAYY KİTAP," 77,00",7
6527832656d1630dc21efce5,Son Söz / Gerçek Tıp Dersleri Cilt 1, Aidin Salih,YİTİK ŞİFA," 49,10",190
6527832656d1630dc21efce6,Kainatın Efendisi Peygamberimizin Hayatı (Tek Cilt), Salih Suruç,NESİL YAYINLARI," 180,10",319
6527832656d1630dc21efce7,Eylül, Mehmed Rauf ,KAPRA YAYINCILIK," 14,90",65
6527832656d1630dc21efce8,Beden Dili , Joe Navarro,ALFA YAYINLARI," 122,37",239
6527832656d1630dc21efce9,Şifa, Eray Hacıosmanoğlu,HAYY KİTAP," 71,50",6
6527832656d1630dc21efcea,Dünyanın Merkezine Yolculuk, Jules Verne,BİLGİ ÇOCUK KİTAPLARI," 31,25",75
6527832656d1630dc21efceb,Küçük Detaylar, Lauren Asher,OLİMPOS YAYINLARI," 87,78",17
6527832656d1630dc21efcec,Açık Ufuk , İbrahim Kalın,İNSAN YAYINLARI," 70,20",129
6527832656d1630dc21efced,Bir Borsa Spekülatörünün Anıları, Edvin Lefevre,SCALA YAYINCILIK," 77,00",170
6527832756d1630dc21efcee,Böyle Küçük Şeyler, Claire Keegan,JAGUAR KİTAP," 45,50",30
6527832756d1630dc21efcef,Devlet Ana, Kemal Tahir ,KETEBE YAYINEVİ," 65,34",13
6527832756d1630dc21efcf0,Kesin İnançlılar, Eric Hoffer,OLVİDO KİTAP," 64,50",158
6527832756d1630dc21efcf1,Allah İçin Sevmek, İmam Gazali,NESİL YAYINLARI," 39,00",11
6527832756d1630dc21efcf2,İyileşen Çocukluğum İyileşen Anneliğim, Hatice Kübra Tongar,HAYY KİTAP," 77,00",263
6527832756d1630dc21efcf3,Ezbere Yaşayanlar , Emrah Safa Gürkan,KRONİK KİTAP," 59,10",157
6527832756d1630dc21efcf4,Hay Bin Yakzan, İbn Tufeyl,YAPI KREDİ YAYINLARI," 32,10",430
6527832756d1630dc21efcf5,İlk Okuma - Uçaklar, Fiona Patchett,TÜBİTAK YAYINLARI," 11,05",85
6527832756d1630dc21efcf6,Benden Vazgeçme Ya Rab, Mehmet  Yıldız,HAYY KİTAP," 77,00",402
6527832756d1630dc21efcf7,Değirmen, Sabahattin Ali,YAPI KREDİ YAYINLARI," 13,46",1.744
6527832756d1630dc21efcf8,Atlas , Aleksandra Mizielinska,DOMİNGO ÇOCUK," 277,20",299
6527832856d1630dc21efcf9,"Dorian Gray'in Portresi (Ciltli, İplik Dikişli)", Oscar Wilde,KAPRA YAYINCILIK," 24,90",19
6527832856d1630dc21efcfa,İnsancıklar, Fyodor Mihailoviç Dostoyevski,CAN YAYINLARI," 44,20",668
6527832856d1630dc21efcfb,Dorian Gray’in Portresi (Cep Boy) (Tam Metin), Oscar Wilde,KARBON KİTAPLAR," 8,90",91
6527832856d1630dc21efcfc,Nasıl Dayandın Ya Rasulullah , Mehmet  Yıldız,TİMAŞ YAYINLARI," 118,80",85
6527832856d1630dc21efcfd,"Yeraltından Notlar (Ciltli, İplik Dikişli)", Fyodor Mihailoviç Dostoyevski,KAPRA YAYINCILIK," 24,90",20
6527832856d1630dc21efcfe,Kitleler Psikolojisi (Cep Boy)  (Tam Metin), Gustave Le Bon,KARBON KİTAPLAR," 8,90",67
6527832856d1630dc21efcff,Dünyaya Geldim Gitmeye,Dr. Kemal Sayar,TURKUVAZ KİTAP," 108,00",228
6527832856d1630dc21efd00,"Diriliş (2 Cilt Takım) (Ciltli, İplik Dikişli)", Lev N. Tolstoy,KAPRA YAYINCILIK," 49,80",20
6527832856d1630dc21efd01,Milena’ya Mektuplar, Franz Kafka,KAPRA YAYINCILIK," 14,90",29
6527832856d1630dc21efd02,Çaba Göstermeye Değer, Aleix Cabrera,TÜBİTAK YAYINLARI," 7,50",43
6527832956d1630dc21efd03,Sır, Mustafa Kutlu,DERGAH YAYINLARI," 45,00",499
6527832956d1630dc21efd04,Fedailerin Kalesi Alamut, Vladimir Bartol,KORİDOR YAYINCILIK," 105,39",1.881
6527832956d1630dc21efd05,"Türkçülüğün Esasları (Ciltli, İplik Dikişli)", Ziya Gökalp,KAPRA YAYINCILIK," 24,90",14
6527832956d1630dc21efd06,Domates Saçlı Kız, Sevim Ak,CAN ÇOCUK YAYINLARI," 68,15",153
6527832956d1630dc21efd07,Köpek Gibi Büyütülmüş Çocuk, Maia Szalavitz,KORİDOR YAYINCILIK," 110,86",544
6527832956d1630dc21efd08,Uçabileceğini Hayal Eden Tavuk, Sun-Mı Hwang,TİMAŞ GENÇ," 41,70",112
6527832956d1630dc21efd09,Kalbin Sırları, İmam Gazali,NESİL YAYINLARI," 39,00",11
6527832956d1630dc21efd0a,"Deniz Feneri (Ciltli, İplik Dikişli)", Virginia Woolf,KAPRA YAYINCILIK," 24,90",14
6527832956d1630dc21efd0b,Kar Çorbası , Fatıma Merve İnan,KİTAPYURDU DOĞRUDAN YAYINCILIK (KDY)," 50,00",6
6527832a56d1630dc21efd0c,Filozof Meşe, Anooshirvan  Miandji ,BİLGİ ÇOCUK KİTAPLARI," 49,68",46
6527832a56d1630dc21efd0d,Günübirlik Hayatlar, Irvin D. Yalom,PEGASUS YAYINLARI," 120,12",649
6527832a56d1630dc21efd0e,Sıfır Noktasındaki Kadın, Neval el-Saadavi,METİS YAYINLARI," 58,56",387
6527832a56d1630dc21efd0f,Bu Matematik Tam Senlik, Katie Daynes,TÜBİTAK YAYINLARI," 29,30",23
6527832a56d1630dc21efd10,Ara ve Bul Resimli Bulmacalar - Dinozorlar, Gareth Lucas,TÜBİTAK YAYINLARI," 13,50",34
6527832a56d1630dc21efd11,Duvarları Gıdıklanan Okul / Yeşil Kafalar 2, Tuğba Coşkuner,CEZVE ÇOCUK," 65,76",129
6527832a56d1630dc21efd12,Halka Çörek Zinciri / Abur Cubur Peşinde, Alexander McCall Smith,GÜNIŞIĞI KİTAPLIĞI," 45,50",19
6527832a56d1630dc21efd13,Dramsız Disiplin, Tina Payne Bryson,PEGASUS YAYINLARI," 179,40",226
6527832a56d1630dc21efd14,Asr-ı Saadet Atlası, Merve Safa Likoğlu,HÜDHÜD KİTAP," 57,06",30
6527832a56d1630dc21efd15,Yaban Bütün Eserleri 1, Yakup Kadri Karaosmanoğlu,İLETİŞİM YAYINLARI," 91,50",1.134
6527832b56d1630dc21efd16,İlk Okuma - Güneş Ay ve Yıldızlar, Stephanie Turnbull,TÜBİTAK YAYINLARI," 11,25",78
6527832b56d1630dc21efd17,Kitaplar ve Sigaralar, George Orwell,KAPRA YAYINCILIK," 9,90",89
6527832b56d1630dc21efd18,Ara ve Bul Resimli Bulmacalar - Hayvanat Bahçesinde, Gareth Lucas,TÜBİTAK YAYINLARI," 13,25",33
6527832b56d1630dc21efd19,Yeni Arkadaşım Mo, Lara Williamson,TİMAŞ ÇOCUK YAYINLARI," 63,00",9
6527832b56d1630dc21efd1a,Vanilya Kokulu Mektuplar (Ciltsiz), Sevim Ak,CAN ÇOCUK YAYINLARI," 58,74",243
6527832b56d1630dc21efd1b,Ağrıdağı Efsanesi, Yaşar Kemal,YAPI KREDİ YAYINLARI," 57,82",974
6527832b56d1630dc21efd1c,Çarpık Aşk / Twisted Serisi Birinci Kitap, Ana Huang,MARTI YAYINLARI," 86,40",12
6527832b56d1630dc21efd1d,Gurur ve Önyargı, Jane Austen,KAPRA YAYINCILIK," 14,87",37
6527832b56d1630dc21efd1e,Mira Stres Kulübesinden Ayrılıyor / Duygu Günlüğüm, Oya Doğan,TİMAŞ ÇOCUK YAYINLARI," 42,90",7
6527832b56d1630dc21efd1f,Yürümenin Felsefesi, Frederic Gros,KOLEKTİF KİTAP," 90,00",261
6527832b56d1630dc21efd20,Zaman Bisikleti  2 - Geçmişten Gelen Konuklar, Bilgin Adalı,CAN ÇOCUK YAYINLARI," 52,00",168
6527832b56d1630dc21efd21,Dinozorlar / İlk Okuma, Stephanie Turnbull,TÜBİTAK YAYINLARI," 11,25",82
6527832b56d1630dc21efd22,Kaçırdıklarımız , Adam Phillips,METİS YAYINLARI," 74,66",79
6527832c56d1630dc21efd23,Akıllı Yatırımcı, Benjamin Graham,EPSİLON YAYINEVİ," 267,19",48
6527832c56d1630dc21efd24,İlk Okuma - Mevsimler, Emily Bone,TÜBİTAK YAYINLARI," 11,05",13
6527832c56d1630dc21efd25,Ölü Ozanlar Derneği, N. H. Kleinbaum,BİLGE KÜLTÜR SANAT," 43,60",590
6527832c56d1630dc21efd26,Fareler ve İnsanlar, John Steinbeck,İLETİŞİM YAYINLARI," 60,13",17
6527832c56d1630dc21efd27,Ateşten Kaçmak, Vladimir Tumanov,GÜNIŞIĞI KİTAPLIĞI," 84,50",13
6527832c56d1630dc21efd28,Borsa'da Tek Başına, Peter Lynch,SCALA YAYINCILIK," 147,00",91
6527832c56d1630dc21efd29,Başımın Üstünde Yerin Var, Hatice Kübra Tongar,HAYY KİTAP," 55,00",258
6527832c56d1630dc21efd2a,Cingo (Karton Kapak), Şermin Yaşar,DOĞAN EGMONT ÇOCUK KİTAPLARI," 105,46",44
6527832c56d1630dc21efd2b,Gazap Üzümleri, John Steinbeck,İLETİŞİM YAYINLARI," 160,31",83
6527832c56d1630dc21efd2c,Çocuklarınıza Tutunun, Gabor Mate,HEP KİTAP," 108,50",39
6527832d56d1630dc21efd2d,Allah ile Konuşturan Namaz, Mehmet  Yıldız,TİMAŞ YAYINLARI," 105,60",48
6527832d56d1630dc21efd2e,Çizgili Çoraplı Kız, Merve Gülcemal,CEZVE ÇOCUK," 60,90",37
6527832d56d1630dc21efd2f,Açlık, Knut Hamsun,KAPRA YAYINCILIK," 12,90",32
6527832d56d1630dc21efd30,İki Yıl Okul Tatili, Jules Verne,BİLGİ ÇOCUK KİTAPLARI," 31,25",70
6527832d56d1630dc21efd31,Beş Sevgi Dili- Sevdiğiniz İnsana Yürekten Bağlılığınızı Nasıl İfade Edersiniz, Gary Chapman,KORİDOR YAYINCILIK," 77,90",680
6527832d56d1630dc21efd32,Bu Benim Bedenim, Hatice Kübra Tongar,HAYY KİTAP," 55,00",46
6527832d56d1630dc21efd33,Küçük Yuvarlak Taşlar, Melisa Kesmez,İLETİŞİM YAYINLARI," 50,51",44
6527832d56d1630dc21efd34,Tek Yalnız Ben Değilim, Jean-Louis Fournier,YAPI KREDİ YAYINLARI," 38,50",64
6527832d56d1630dc21efd35,Çubuk Makarna Düğümü / Abur Cubur Peşinde, Alexander McCall Smith,GÜNIŞIĞI KİTAPLIĞI," 42,80",30
6527832d56d1630dc21efd36,Kendine Ait Bir Oda, Virginia Woolf,KAPRA YAYINCILIK," 9,90",75
6527832e56d1630dc21efd37,Avucundaki Öpücük, Audrey Penn,BUTİK YAYINCILIK  ," 64,80",143
6527832e56d1630dc21efd38,İnsanlar Arasındaki Eşitsizliğin Kaynağı, Jean Jacques Rousseau,KAPRA YAYINCILIK," 9,90",20
6527832e56d1630dc21efd39,Kürk Mantolu Madonna (Cep Boy) (Tam Metin), Sabahattin Ali,KARBON KİTAPLAR," 8,90",238
6527832e56d1630dc21efd3a,Savaş Sanatı, Sun Tzu,KAPRA YAYINCILIK," 12,90",46
6527832e56d1630dc21efd3b,İletişim Donanımları, Doğan Cüceloğlu,REMZİ KİTABEVİ," 76,80",497
6527832e56d1630dc21efd3c,Korku Koleksiyoncusu / Saklı Dünya Hikayeleri 3, Tuğba Coşkuner,CEZVE ÇOCUK," 54,12",15
6527832e56d1630dc21efd3d,Satranç, Stefan Zweig,KAPRA YAYINCILIK," 12,90",32
6527832e56d1630dc21efd3e,Herkes İçin Siyer 1.Cilt , Muhammed Emin Yıldırım,PROFİL KİTAP," 95,70",386
6527832e56d1630dc21efd3f,Malamander, Thomas Taylor,TİMAŞ GENÇ," 108,10",95
6527832e56d1630dc21efd40,Beyaz Diş, Jack London,KAPRA YAYINCILIK," 14,90",72
6527832f56d1630dc21efd41,Allah’ım Ben Geldim, Hatice Kübra Tongar,HAYY KİTAP," 55,00",540
6527832f56d1630dc21efd42,Aşık Olan Neylesin?, Serdar Tuncer,MECRA KİTAP," 40,50",49
6527832f56d1630dc21efd43,Sana Gül Bahçesi Vadetmedim, Joanne Greenberg,METİS YAYINLARI," 116,35",518
6527832f56d1630dc21efd44,Bir Psikiyatristin Gizli Defteri ,Dr. Gary Small,DOĞAN KİTAP," 83,20",389
6527832f56d1630dc21efd45,Rabbimi Tanıyorum 1 / Bil Bakalım Hangi Meyve ? , Merve Gülcemal,CEZVE ÇOCUK," 52,11",281
6527832f56d1630dc21efd46,Derviş Kelamı, Funda Uçuk Er,HAYY KİTAP," 68,75",66
6527832f56d1630dc21efd47,Yuan Huan’ın Kulübesi, Miyase Sertbarut,TUDEM YAYINEVİ," 53,55",46
6527832f56d1630dc21efd48,Kalk Yerine Yat, Şermin Yaşar,DOĞAN KİTAP," 68,64",180
6527832f56d1630dc21efd49,Esir Şehrin İnsanları, Kemal Tahir ,KETEBE YAYINEVİ," 54,50",19
6527832f56d1630dc21efd4a,Beden Kayıt Tutar, Bessel A. van der Kolk ,NOBEL YAŞAM," 108,00",143
6527832f56d1630dc21efd4b,Bağırmayan Anneler, Hatice Kübra Tongar,HAYY KİTAP," 71,50",1.340
6527832f56d1630dc21efd4c,Namazın Sırları ve Fazileti, İmam Gazali,ÇELİK YAYINEVİ," 78,00",52
6527833056d1630dc21efd4d,Melodi, Anıl Basılı,TİMAŞ ÇOCUK YAYINLARI," 46,20",135
6527833056d1630dc21efd4e,İknanın Psikolojisi, Robert B. Cialdini,MEDİACAT KİTAPLARI," 160,08",326
6527833056d1630dc21efd4f,Yoksulluk İçimizde, Mustafa Kutlu,DERGAH YAYINLARI," 42,00",735
6527833056d1630dc21efd50,Anayurt Oteli, Yusuf Atılgan,CAN YAYINLARI," 45,90",712
6527833056d1630dc21efd51,Akhilleus’un Şarkısı, Madeline Miller,İTHAKİ YAYINLARI," 151,80",352
6527833056d1630dc21efd52,Sevme Sanatı / Bir Eylem Olarak Sevmek (Modern Kapak), Erich Fromm,SAY YAYINLARI," 91,35",80
6527833056d1630dc21efd53,Palyatif Toplum , Byung-Chul Han,METİS YAYINLARI," 51,10",24
6527833056d1630dc21efd54,Kozmos Evrenin ve Yaşamın Sırları, Carl Sagan,ALTIN KİTAPLAR," 109,19",336
6527833156d1630dc21efd55,Ara ve Bul Resimli Bulmacalar - Denizde, Gareth Lucas,TÜBİTAK YAYINLARI," 12,70",35
6527833156d1630dc21efd56,Çöplük, Andy Mulligan,TUDEM YAYINEVİ," 85,68",189
6527833156d1630dc21efd57,Ya Adalet Ya Sefalet ,Prof. Dr.  Selçuk Şirin,DOĞAN KİTAP," 79,85",28
6527833156d1630dc21efd58,Dansa Davet, Jean Teule,SEL YAYINCILIK," 53,10",62
6527833156d1630dc21efd59,Kapak Kızı, Ayfer Tunç,CAN YAYINLARI," 99,00",272
6527833156d1630dc21efd5a,Suda Kaybolmak, Vladimir Tumanov,GÜNIŞIĞI KİTAPLIĞI," 71,51",38
6527833156d1630dc21efd5b,Tatar Çölü, Dino Buzzati,İLETİŞİM YAYINLARI," 114,58",625
6527833156d1630dc21efd5c,İFA - İnsanın Fabrika Ayarları (Genişletilmiş Yeni Baskı), Sinan Canan,TUTİ KİTAP," 225,00",16
6527833156d1630dc21efd5d,Dönüşüm, Franz Kafka,KAPRA YAYINCILIK," 12,90",65
6527833156d1630dc21efd5e,Gençlere Tavsiyeler (Eyyühe’l-Veled , İmam Gazali,ÇELİK YAYINEVİ," 27,00",17
6527833256d1630dc21efd5f,Pekicik, Şermin Yaşar,DOĞAN ÇOCUK," 60,53",57
6527833256d1630dc21efd60,Kendi Özünü Bil,Dr. Kemal Sayar,SAHİ KİTAP," 89,67",17
6527833256d1630dc21efd61,Kur'an'ın Kalbine Yolculuk , Yasin Pişgin,TİMAŞ YAYINLARI," 118,80",139
6527833256d1630dc21efd62,Müslümanca Düşünme Üzerine Denemeler, Rasim Özdenören,İZ YAYINCILIK," 73,28",838
6527833256d1630dc21efd63,Kuzeye Giden İnce Yol, Matsuo Başô,İTHAKİ YAYINLARI," 31,68",37
6527833256d1630dc21efd64,Sabretmeye Değer, Aleix Cabrera,TÜBİTAK YAYINLARI," 7,50",52
6527833256d1630dc21efd65,Cennetle Müjdeli 10 Sahabe, Mehmet  Yıldız,TİMAŞ YAYINLARI," 419,10",14
6527833256d1630dc21efd66,Göğü Yere İndirelim, Özgür Balpınar,TİMAŞ GENÇ," 58,10",149
6527833256d1630dc21efd67,Çetin Ceviz ve Gözlüklü Çocuk, Sinan Yaşar,FOM KİTAP," 47,70",105
6527833256d1630dc21efd68,Yabancı: Elyel (Yabancı Serisi 3. Kitap) (Karton Kapak),  Öznur Yıldırım,PEGASUS YAYINLARI," 287,50",5
6527833356d1630dc21efd69,İyi Aile Yoktur, Nihan Kaya,İTHAKİ YAYINLARI," 99,00",400
6527833356d1630dc21efd6a,Dil Belası - Dilin Afetleri, İmam Gazali,ÇELİK YAYINEVİ," 59,00",123
6527833356d1630dc21efd6b,Benim Peygamber’im Doğayı Çok Severdi, Merve Gülcemal,CEZVE ÇOCUK," 56,00",52
6527833356d1630dc21efd6c,Duvarın Ardı , Tuğba Coşkuner,CEZVE ÇOCUK," 59,48",75
6527833356d1630dc21efd6d,Hıhıcık, Şermin Yaşar,DOĞAN ÇOCUK," 61,60",54
6527833356d1630dc21efd6e,Oh Ne Ala Memleket, Şermin Yaşar,DOĞAN EGMONT ÇOCUK KİTAPLARI," 105,46",94
6527833356d1630dc21efd6f,Öfke Dansı, Harriet Lerner,VARLIK YAYINLARI," 89,80",305
6527833356d1630dc21efd70,Zamansızlık Kapsülü , Ömer Faruk Paksu,AİLE YAYINLARI," 65,00",6
6527833356d1630dc21efd71,Toplum Sözleşmesi, Jean Jacques Rousseau,KAPRA YAYINCILIK," 9,90",85
6527833356d1630dc21efd72,Kızıl Veba, Jack London,KAPRA YAYINCILIK," 14,90",51
6527833356d1630dc21efd73,Doğu Batı Arasında İslam, Aliya İzzetbegoviç,KETEBE YAYINEVİ," 86,42",215
6527833356d1630dc21efd74,İnsan Nedir? (Cep Boy) (Tam Metin), Mark Twain,KARBON KİTAPLAR," 8,90",192
6527833456d1630dc21efd75,Kendini Aldatan İnsan, İmam Gazali,KETEBE YAYINEVİ," 48,84",25
6527833456d1630dc21efd76,Mırıldanan Çocuk, Gabriele Clima,TİMAŞ İLK GENÇ ," 61,90",124
6527833456d1630dc21efd77,İnsan Neyle Yaşar?  , Lev N. Tolstoy,KAPRA YAYINCILIK," 12,90",77
6527833456d1630dc21efd78,Kırk Kere Söyledim ,Prof. Dr. Ziya Selçuk,KRONİK KİTAP," 62,70",121
6527833456d1630dc21efd79,Milli İstihbarat Teşkilatı (1826-2023), Polat Safi,KRONİK KİTAP," 108,00",20
6527833456d1630dc21efd7a,Keloğlan Oruç Peşinde, Merve Gülcemal,CEZVE ÇOCUK," 56,66",243
6527833456d1630dc21efd7b,Ene , Fatih Duman,NESİL YAYINLARI," 72,00",689
6527833456d1630dc21efd7c,Dad, Selahattin Demirtaş,DİPNOT YAYINLARI," 62,02",23
6527833456d1630dc21efd7d,Büyük Atatürk'ten Küçük Öyküler 1, Süleyman Bulut,CAN ÇOCUK YAYINLARI," 57,00",193
6527833456d1630dc21efd7e,Ramazan Geldiğinde , Hatice Kübra Tongar,NESİL ÇOCUK YAYINLARI," 55,00",21
6527833556d1630dc21efd7f,Uçan Sınıf, Erich Kastner,CAN ÇOCUK YAYINLARI," 66,00",458
6527833556d1630dc21efd80,Sokrates’in Savunması, Platon (Eflatun) ,KAPRA YAYINCILIK," 12,90",53
6527833556d1630dc21efd81,Seneler, Annie Ernaux,CAN YAYINLARI," 87,75",39
6527833556d1630dc21efd82,"Madam Bovary (Ciltli, İplik Dikişli)", Gustave Flaubert,KAPRA YAYINCILIK," 24,90",29
6527833556d1630dc21efd83,Savaşçı, Doğan Cüceloğlu,REMZİ KİTABEVİ," 132,60",471
6527833556d1630dc21efd84,Neden İslam’ın Orta Çağı Yoktu? , Thomas Bauer,RUNİK KİTAP," 56,16",54
6527833556d1630dc21efd85,Balino, Anıl Basılı,TİMAŞ ÇOCUK YAYINLARI," 38,51",245
6527833556d1630dc21efd86,Suyu Arayan Adam, Şevket Süreyya Aydemir,REMZİ KİTABEVİ," 123,12",393
6527833556d1630dc21efd87,Küçük Kara Balık (Ciltsiz), Samed Behrengi,CAN ÇOCUK YAYINLARI," 25,80",781
6527833556d1630dc21efd88,Kahve Soğumadan Önce, Toshikazu Kawaguchi,EPSİLON YAYINEVİ," 94,73",41
6527833656d1630dc21efd89,Bağlanma , Amir Levine,AGANTA KİTAP," 115,20",68
6527833656d1630dc21efd8a,Kral Şakir 12 / Dikkat Kaygan Zemin, Varol Yaşaroğlu,EKSİK PARÇA ÇOCUK," 124,74",30
6527833656d1630dc21efd8b,Eyvah Kitap!, Mine Soysal,GÜNIŞIĞI KİTAPLIĞI," 54,00",267
6527833656d1630dc21efd8c,Etkili İnsanların 7 Alışkanlığı, Stephen R. Covey,VARLIK YAYINLARI," 129,50",423
6527833656d1630dc21efd8d,Rahatlama Kitabı , Matt Haig,DOMİNGO YAYINEVİ," 84,48",20
6527833656d1630dc21efd8e,Sınırlar , John Townsend,DİYOJEN YAYINCILIK," 100,65",29
6527833656d1630dc21efd8f,Kısa Osmanlı Tarihi,Prof. Dr. Halil İnalcık,KRONİK KİTAP," 60,90",22
6527833656d1630dc21efd90,Otuz Milyon Kelime ,Dr. Dana Suskind,BUZDAĞI YAYINLARI," 152,10",623
6527833756d1630dc21efd91,Benim Peygamber’im Hayvanları Çok Severdi, Merve Gülcemal,CEZVE ÇOCUK," 52,80",22
6527833756d1630dc21efd92,İnsanlığın Dirilişi, Sezai Karakoç,DİRİLİŞ YAYINLARI," 42,00",383
6527833756d1630dc21efd93,"Filippo, Ben ve Kiraz Ağacı", Paola Peretti,TİMAŞ GENÇ," 52,80",25
6527833756d1630dc21efd94,Düşün ve Zengin Ol, Napoleon Hill,ALTIN KİTAPLAR," 62,89",99
6527833756d1630dc21efd95,Huzur, Ahmet Hamdi Tanpınar,DERGAH YAYINLARI," 127,50",1.068
6527833756d1630dc21efd96,Ya Tahammül Ya Sefer, Mustafa Kutlu,DERGAH YAYINLARI," 49,30",753
6527833756d1630dc21efd97,Hayvan Çiftliği, George Orwell,KAPRA YAYINCILIK," 9,90",187
6527833756d1630dc21efd98,Böyle Buyurdu Zerdüşt, Friedrich Nietzsche,KAPRA YAYINCILIK," 14,87",82
6527833756d1630dc21efd99,Bavula Sığmayan, Nermin Yıldırım,HEP KİTAP," 60,72",40
6527833756d1630dc21efd9a,Gacagucu ve Dünyanın Öbür Ucu, Sinan Yaşar,FOM KİTAP," 34,32",105
6527833856d1630dc21efd9b,İrade Terbiyesi (Cep Boy) (Tam Metin), Jules Payot,KARBON KİTAPLAR," 8,90",143
6527833856d1630dc21efd9c,Küçük Prens (Cep Boy) (Tam Metin), Antoine De Saint Exupery,KARBON KİTAPLAR," 8,90",366
6527833856d1630dc21efd9d,"Bütün Şiirleri (Ciltli, İplik Dikişli)", Orhan Veli Kanık,KAPRA YAYINCILIK," 24,90",33
6527833856d1630dc21efd9e,Bu Ülke, Cemil Meriç,İLETİŞİM YAYINLARI," 108,89",1.598
6527833856d1630dc21efd9f,Genç Werther’in Acıları, Johann Wolfgang Goethe,KAPRA YAYINCILIK," 9,90",67
6527833856d1630dc21efda0,Veba Geceleri, Orhan Pamuk,YAPI KREDİ YAYINLARI," 89,05",378
6527833856d1630dc21efda1,İlk Okuma - Neden Yeriz, Stephanie Turnbull,TÜBİTAK YAYINLARI," 11,05",118
6527833856d1630dc21efda2,Mermer Adam, Jean Christophe Grange,DOĞAN KİTAP," 160,94",82
6527833856d1630dc21efda3,"Böyle Buyurdu Zerdüşt (Ciltli, İplik Dikişli)", Friedrich Nietzsche,KAPRA YAYINCILIK," 24,90",17
6527833856d1630dc21efda4,Masal Masal İçinde, Ahmet Ümit,YAPI KREDİ YAYINLARI," 71,50",169
6527833856d1630dc21efda5,Yitik Cennet, Sezai Karakoç,DİRİLİŞ YAYINLARI," 35,00",606
6527833856d1630dc21efda6,Vücudunuz Hayır Diyorsa , Gabor Mate,İLETİŞİM YAYINLARI," 169,09",98
6527833856d1630dc21efda7,Liderlik , Henry Kissinger,RUNİK KİTAP," 113,10",27
6527833956d1630dc21efda8,Limon Kütüphanesi, Jo Cotterill  ,TİMAŞ GENÇ," 58,24",236
6527833956d1630dc21efda9,Yollar Dönüşe Gider,Prof. Dr. Nurullah Genç,TİMAŞ YAYINLARI," 125,40",74
6527833956d1630dc21efdaa,Kayıp Ağaçlar Adası, Elif Şafak,DOĞAN KİTAP," 109,00",30
6527833956d1630dc21efdab,Pandora’nın Kutusu, Osamu Dazai,İTHAKİ YAYINLARI," 35,28",27
6527833956d1630dc21efdac,Gül Yetiştiren Adam, Rasim Özdenören,İZ YAYINCILIK," 64,02",1.163
6527833956d1630dc21efdad,Sırça Köşk, Sabahattin Ali,YAPI KREDİ YAYINLARI," 15,12",2.414
6527833956d1630dc21efdae,Güneşi Bile Tamir Eden Adam, Behiç Ak,GÜNIŞIĞI KİTAPLIĞI," 71,60",166
6527833956d1630dc21efdaf,Küçük İşler Büyük Özgürlükler , Mert Başaran,BUTİK YAYINCILIK  ," 154,80",52
6527833a56d1630dc21efdb0,Yabancı , Albert Camus,CAN YAYINLARI," 52,10",93
6527833a56d1630dc21efdb1,Yalın Tutku, Annie Ernaux,CAN YAYINLARI," 44,22",44
6527833a56d1630dc21efdb2,"İrade Terbiyesi (Ciltli, İplik Dikişli)", Jules Payot,KAPRA YAYINCILIK," 24,90",29
6527833a56d1630dc21efdb3,İktidar (Güç Sahibi Olmanın 48 Yasası), Robert Greene,ALTIN KİTAPLAR," 119,04",210
6527833a56d1630dc21efdb4,Yaşadım Demek İçin Ne Yapmalı?, Muazzez İlmiye Çığ,TUHAF," 74,40",22
6527833a56d1630dc21efdb5,Yaşlı Adam ve Deniz, Ernest Hemingway,BİLGİ YAYINEVİ," 51,75",958
6527833a56d1630dc21efdb6,101 Atasözü 101 Öykü, Süleyman Bulut,CAN ÇOCUK YAYINLARI," 71,80",377
6527833a56d1630dc21efdb7,Ya Baki Entel Baki, Mehmet  Yıldız,TİMAŞ YAYINLARI," 100,90",37
6527833a56d1630dc21efdb8,Matilda, Roald Dahl,CAN ÇOCUK YAYINLARI," 77,96",349
6527833b56d1630dc21efdb9,Beş Şehir, Ahmet Hamdi Tanpınar,DERGAH YAYINLARI," 82,30",1.062
6527833b56d1630dc21efdba,Gün Olur Asra Bedel, Cengiz Aytmatov,KETEBE YAYINEVİ," 81,00",94
6527833b56d1630dc21efdbb,Çetin Ceviz ve Çetonya, Sinan Yaşar,FOM KİTAP," 36,30",65
6527833b56d1630dc21efdbc,Kimse Bakmazken Duygular Ne Yapar?, Tina Oziewicz ,DOMİNGO ÇOCUK," 58,08",47
6527833b56d1630dc21efdbd,Outliers (Çizginin Dışındakiler) , Malcolm Gladwell,MEDİACAT KİTAPLARI," 103,01",457
6527833b56d1630dc21efdbe,Milli Mücadele Tarihi,Prof. Dr. Halil İnalcık,KRONİK KİTAP," 60,10",41
6527833b56d1630dc21efdbf,"Kitleler Psikolojisi (Ciltli, İplik Dikişli)", Gustave Le Bon,KAPRA YAYINCILIK," 24,90",25
6527833b56d1630dc21efdc0,Kırmızı Pelerin,Dr. Gülseren Budayıcıoğlu,DOĞAN KİTAP," 111,70",35
6527833b56d1630dc21efdc1,Benim Güzel Başörtülerim, Merve Gülcemal,NESİL ÇOCUK YAYINLARI," 44,00",49
6527833b56d1630dc21efdc2,Delifişek, Jose Mauro De Vasconcelos,CAN YAYINLARI," 56,10",1.659
6527833b56d1630dc21efdc3,Mükemmeller Kulübü, Anıl Basılı,TİMAŞ İLK GENÇ ," 43,21",33
6527833b56d1630dc21efdc4,Peygamber’im Bugün Yaşasaydı, Hatice Kübra Tongar,HAYY KİTAP," 66,00",43
6527833c56d1630dc21efdc5,Postayla Gelen Deniz Kabuğu, Behiç Ak,GÜNIŞIĞI KİTAPLIĞI," 71,51",108
6527833c56d1630dc21efdc6,Kaptan Mavi Kanca / Saklı Dünya Hikayeleri 2, Tuğba Coşkuner,CEZVE ÇOCUK," 48,86",37
6527833c56d1630dc21efdc7,Harry Potter ve Felsefe Taşı, J. K. Rowling,YAPI KREDİ YAYINLARI," 89,79",1.802
6527833c56d1630dc21efdc8,"Tüfek, Mikrop ve Çelik (Karton Kapak)", Jared Diamond,PEGASUS YAYINLARI," 179,54",1.533
6527833c56d1630dc21efdc9,Paranın Psikolojisi, Morgan Housel,SCALA YAYINCILIK," 144,00",46
6527833c56d1630dc21efdca,Bitlerimi Geri Verin!, Pierre Elie Ferrier,GÜNIŞIĞI KİTAPLIĞI," 41,29",87
6527833c56d1630dc21efdcb,Yarının Adamı , Con Sinov,MASA KİTAP," 108,80",50
6527833c56d1630dc21efdcc,Dedem Bir Kiraz Ağacı, Angela Nanetti,GÜNIŞIĞI KİTAPLIĞI," 69,60",113
6527833c56d1630dc21efdcd,Keloğlan Namaz Peşinde, Merve Gülcemal,CEZVE ÇOCUK," 56,66",128
6527833c56d1630dc21efdce,Martin Eden (Beyaz Kapak), Jack London,CAN YAYINLARI," 63,91",143
6527833c56d1630dc21efdcf,Dünyanın En Yalnız Beyni, Serkan Karaismailoğlu,ORTAPİA," 98,95",25
6527833d56d1630dc21efdd0,Güneşi Uyandıralım, Jose Mauro De Vasconcelos,CAN YAYINLARI," 105,60",1.966
6527833d56d1630dc21efdd1,Türklerin Tarihi 2 ,Prof. Dr. İlber Ortaylı,KRONİK KİTAP," 44,01",36
6527833d56d1630dc21efdd2,İnsancıklar, Fyodor Mihailoviç Dostoyevski,KAPRA YAYINCILIK," 12,90",83
6527833d56d1630dc21efdd3,O An, M. Barış Muslu,DOĞAN KİTAP," 86,00",12
6527833d56d1630dc21efdd4,Dedemin Bakkalı - Çırak, Şermin Yaşar,TAZE KİTAP," 99,22",676
6527833d56d1630dc21efdd5,Galateia: Bir Öykü, Madeline Miller,İTHAKİ YAYINLARI," 66,66",41
6527833d56d1630dc21efdd6,Patlamış Mısır Korsanları / Abur Cubur Peşinde, Alexander McCall Smith,GÜNIŞIĞI KİTAPLIĞI," 35,59",33
6527833d56d1630dc21efdd7,Sol Ayağım, Christy Brown,NORA KİTAP," 81,40",471
6527833d56d1630dc21efdd8,Kasem, Eray Hacıosmanoğlu,HAYY KİTAP," 74,25",17
6527833e56d1630dc21efdd9,Doğu Ekspresinde Cinayet, Agatha Christie,ALTIN KİTAPLAR," 81,18",801
6527833e56d1630dc21efdda,Doğunun Limanları, Amin Maalouf,YAPI KREDİ YAYINLARI," 54,50",1.698
6527833e56d1630dc21efddb,Yazıyı Bulan Çocuk, Sinan Yaşar,FOM KİTAP," 51,80",145
6527833e56d1630dc21efddc,İslamın Dirilişi, Sezai Karakoç,DİRİLİŞ YAYINLARI," 24,50",655
6527833e56d1630dc21efddd,Aylak Adam, Yusuf Atılgan,CAN YAYINLARI," 72,00",1.313
6527833e56d1630dc21efdde,Babaannem Geri Döndü, Şermin Yaşar,TAZE KİTAP," 113,59",232
6527833e56d1630dc21efddf,Bakara Suresi Sohbetleri, Nouman Ali Khan,TİMAŞ YAYINLARI," 99,50",39
6527833e56d1630dc21efde0,Gökyüzüne Bakmanın Faydaları, İmam Gazali,NESİL YAYINLARI," 36,10",164
6527833e56d1630dc21efde1,Benim Peygamber’im Çocukları Çok Severdi, Merve Gülcemal,CEZVE ÇOCUK," 52,80",37
6527833e56d1630dc21efde2,Endişe Ağacı, Marianne Musgrove,ALTIN KİTAPLAR - ÖZEL ÜRÜN," 42,10",122
6527833f56d1630dc21efde3,Sofie'nin Dünyası Felsefe Tarihi Üzerine Bir Roman, Jostein Gaarder,PAN YAYINCILIK," 171,60",1.715
6527833f56d1630dc21efde4,Büyük Dostum, Anıl Basılı,TİMAŞ İLK GENÇ ," 45,50",31
6527833f56d1630dc21efde5,SS , Barış Pehlivan,KIRMIZI KEDİ YAYINEVİ," 93,60",31
6527833f56d1630dc21efde6,Uzun Hikaye, Mustafa Kutlu,DERGAH YAYINLARI," 44,20",1.636
6527833f56d1630dc21efde7,Senin Cahilliğin Benim Yaşamımı Etkiliyor, A. M. Celal Şengör,MASA KİTAP," 82,50",35
6527833f56d1630dc21efde8,Kitleler Psikolojisi, Gustave Le Bon,KAPRA YAYINCILIK," 12,90",127
6527833f56d1630dc21efde9,İnce Memed 4, Yaşar Kemal,YAPI KREDİ YAYINLARI," 165,03",646
6527833f56d1630dc21efdea,İnce Memed 3, Yaşar Kemal,YAPI KREDİ YAYINLARI," 165,03",713
6527833f56d1630dc21efdeb,Yeraltından Notlar, Fyodor Mihailoviç Dostoyevski,KAPRA YAYINCILIK," 9,90",89
6527833f56d1630dc21efdec,Kurtlarla Koşan Kadınlar , Clarissa Pinkola Estes,AYRINTI YAYINLARI," 178,08",428
6527833f56d1630dc21efded,Allah’ı Neden Göremiyorum ? / Küçük Merve’nin Büyük Soruları 1, Merve Gülcemal,CEZVE ÇOCUK," 56,66",213
6527833f56d1630dc21efdee,Martıya Uçmayı Öğreten Kedi, Luis Sepulveda,CAN ÇOCUK YAYINLARI," 58,74",369
6527834056d1630dc21efdef,101 Deyim 101 Öykü, Süleyman Bulut,CAN ÇOCUK YAYINLARI," 67,50",363
6527834056d1630dc21efdf0,Dört Anlaşma: Toltek Bilgelik Kitabı, Don Miguel Ruiz,ÖTESİ YAYINCILIK," 39,64",526
6527834056d1630dc21efdf1,Türklerin Tarihi ,Prof. Dr. İlber Ortaylı,KRONİK KİTAP," 46,20",63
6527834056d1630dc21efdf2,Küçük Prens, Antoine De Saint Exupery,KAPRA YAYINCILIK," 9,90",147
6527834056d1630dc21efdf3,İnce Memed 2, Yaşar Kemal,YAPI KREDİ YAYINLARI," 103,15",1.028
6527834056d1630dc21efdf4,Cumhuriyetin 100 Günü: İnkılabın Ayak Sesleri, Emrah Safa Gürkan,MUNDİ," 81,40",32
6527834056d1630dc21efdf5,İnsan İnsana, Doğan Cüceloğlu,KRONİK KİTAP," 75,90",50
6527834056d1630dc21efdf6,Çizgili Pijamalı Çocuk, John Boyne,TUDEM YAYINEVİ," 89,42",1.279
6527834056d1630dc21efdf7,Diriliş Neslinin Amentüsü, Sezai Karakoç,DİRİLİŞ YAYINLARI," 24,50",1.401
6527834156d1630dc21efdf8,Gerçek Tıp , Aidin Salih,YİTİK ŞİFA," 98,58",1.261
6527834156d1630dc21efdf9,Charlie'nin Çikolata Fabrikası (Ciltsiz), Roald Dahl,CAN ÇOCUK YAYINLARI," 68,80",977
6527834156d1630dc21efdfa,Kiraz Ağacı ile Aramızdaki Mesafe, Paola Peretti,TİMAŞ GENÇ," 61,42",497
6527834156d1630dc21efdfb,Nohut Adam, Anıl Basılı,TİMAŞ ÇOCUK YAYINLARI," 44,28",244
6527834156d1630dc21efdfc,Puslu Kıtalar Atlası, İhsan Oktay Anar,İLETİŞİM YAYINLARI," 78,20",2.829
6527834156d1630dc21efdfd,Beyaz Zambaklar Ülkesinde, Grigory Petrov,KAPRA YAYINCILIK," 9,90",175
6527834156d1630dc21efdfe,İki Dünya Arasında , Julia Sena Yamanoğlu,NESİL YAYINLARI," 48,00",68
6527834256d1630dc21efdff,Çetin Ceviz , Sinan Yaşar,FOM KİTAP," 36,30",372
6527834256d1630dc21efe00,Bin Dokuz Yüz Seksen Dört - 1984, George Orwell,KAPRA YAYINCILIK," 12,90",249
6527834256d1630dc21efe01,İnsan Vücudu Tiyatrosu, Maris Wicks,DOMİNGO ÇOCUK," 99,10",458
6527834256d1630dc21efe02,Mahfuz, Eray Hacıosmanoğlu,HAYY KİTAP," 68,75",72
